-- LIMINARES (macro por escola/turma, status por periodo) + APOIO. Ctrl+A -> Ctrl+Enter.
DROP TABLE IF EXISTS ee_liminar_escola CASCADE;
DROP TABLE IF EXISTS ee_liminar_aluno CASCADE;
DROP TABLE IF EXISTS ee_liminar_turma CASCADE;
DROP TABLE IF EXISTS ee_liminar_unidade CASCADE;
DROP TABLE IF EXISTS ee_apoio CASCADE;
CREATE TABLE ee_apoio (id serial PRIMARY KEY, tipo text, escola text, prof_manha int, prof_tarde int, apoios int);
ALTER TABLE ee_apoio DISABLE ROW LEVEL SECURITY;
CREATE TABLE ee_liminar_unidade (id serial PRIMARY KEY, escola text, tipo text, total_turmas int, turmas_manha int, turmas_tarde int, prof_manha int, prof_tarde int, status text);
ALTER TABLE ee_liminar_unidade DISABLE ROW LEVEL SECURITY;
CREATE TABLE ee_liminar_turma (id serial PRIMARY KEY, escola text, turma text, periodo text, alunos int, status text);
ALTER TABLE ee_liminar_turma DISABLE ROW LEVEL SECURITY;
CREATE TABLE ee_liminar_aluno (id serial PRIMARY KEY, aluno text, ra text, escola text, turma text, periodo text, deficiencia text);
ALTER TABLE ee_liminar_aluno DISABLE ROW LEVEL SECURITY;
INSERT INTO ee_apoio (tipo,escola,prof_manha,prof_tarde,apoios) VALUES
('CEI','ALAOR GALVAO CESAR, CEI',0,0,0),
('CEI','ANA FRANCO DO AMARAL, PROF., CEI',0,0,0),
('CEI','ANA MARIA CHUFALO, CEI',0,0,0),
('CEI','ANNA AUGUSTA FRANÇA, CEI',0,0,0),
('CEI','ANNA IGNES CARVALHO GOUVEA, CEI',0,0,0),
('CEI','AURELIO PACAGNELLA, CEI',0,0,0),
('CEI','BRANCA SERRA, CEI',0,0,0),
('CEI','CECILIO FRAGUAS, CEI',0,0,0),
('CEI','CLORESDITH FERLIN FERREIRA, CEI',0,0,0),
('CEI','DEOLINDA GASPARINI, CEI',0,0,0),
('CEI','DOM BOSCO, CEI',0,0,0),
('CEI','FELICITA DRUDI COSTA PINTO, CEI',0,0,0),
('CEI','GIRASSOL ENCANTADO, CEI',0,0,0),
('CEI','HORTENCIO PEREIRA DA SILVA, PROF, CEI',0,0,0),
('CEI','JESUS DE NAZARE CEI',0,0,0),
('CEI','JOAO DA CRUZ MOREIRA, CEI',0,0,0),
('CEI','JOAO PEDRO CASTROVIEJO, CEI',0,0,0),
('CEI','LAURIVALDO FIDELIS, CEI',0,0,0),
('CEI','LEONOR MERTÍLIA COSTA, CEI',0,0,0),
('CEI','LUCIO MENDES, CEI',0,0,0),
('CEI','MARIA DE LOURDES GULLACI LAGUNA PROFA, CEI',0,0,0),
('CEI','MARIA LUCIA MEIRELLES JUNQUEIRA, CEI',0,0,0),
('CEI','MARIA REGINA CAVALCANTE, PROFA, CEI',0,0,0),
('CEI','MARLENE MARREIRO SIBILLE, CEI',0,0,0),
('CEI','MODELO MARINCEK, CEI',0,0,0),
('CEI','NAIR MANOELINA DE OLIVEIRA, CEI',0,0,0),
('CEI','NELSON COSTA DOS SANTOS, PADRE, CEI',0,0,0),
('CEI','OPUS DEI, CEI',0,0,0),
('CEI','QUINTINO VIEIRA, CEI',0,0,0),
('CEI','RENATO CAMARGO MENDES, CEI',0,0,0),
('CEI','ROBERTO TARANTO, CEI',0,0,0),
('CEI','ROSA MARIA DE BRITTO COSENZA, CEI',0,0,0),
('CEI','SEBASTIAO MARTINS DE MOURA, CEI',0,0,0),
('CEI','THOMAZ URBINATTI, CEI',0,0,0),
('CEI','TONY MIYASAKA, CEI',0,0,0),
('CEI','VITOR YOUSSEF DARKOUBI, CEI',0,0,0),
('EMEI','ADRIANA COUTINHO BRANDANI CAMILO, EMEI',1,1,0),
('EMEI','ALBERT EINSTEIN, EMEI',1,1,0),
('EMEI','ALOIZIO OLAIA PASCHOAL, EMEI',2,2,0),
('EMEI','AMELIA JUNQUEIRA, EMEI',4,4,0),
('EMEI','AMELIA SOFIA R. DA COSTA, PROFª., EMEI',1,1,0),
('EMEI','ANA DOS SANTOS GABARRA, EMEI',2,2,0),
('EMEI','ANITA PROCOPIO JUNQUEIRA, EMEI',2,1,0),
('EMEI','AUREA APARECIDA BRAGHETTO MACHADO, EMEI',2,0,0),
('EMEI','CAETANA SPINELLI MARTINS, EMEI',1,1,0),
('EMEI','CARMEM MASSAROTTO, PROFª., EMEI',2,2,0),
('EMEI','CARMEN APARECIDA DE CARVALHO RAMOS, EMEI',2,2,0),
('EMEI','ELZA GUAZZELI DA COSTA, PROFª, EMEI',2,1,0),
('EMEI','EMILIO JARBINET, PADRE, EMEI',2,2,0),
('EMEI','HENILLA GODOY VELLUDO SALVADOR, EMEI',3,1,0),
('EMEI','HILDA MARIA SOBRAL BARBOSA MANDARINO, EMEI',2,2,0),
('EMEI','HILDA MOSCA, EMEI',2,1,0),
('EMEI','IRIA JUNQUEIRA, DONA, EMEI',1,2,0),
('EMEI','JOAO SPERANDIO, DEP., EMEI',2,1,0),
('EMEI','JOSE BONIFACIO COUTINHO NOGUEIRA, EMEI',1,1,0),
('EMEI','JOSE CARLOS SOBRAL, DR., EMEI',2,2,0),
('EMEI','JOSE PEDRO MOREIRA, PROFº., EMEI',3,4,0),
('EMEI','JOSE ROBERTO FELICIO, EMEI',2,0,0),
('EMEI','LILIAN SPADARO ROSA E SILVA, PROFª., EMEI',1,1,0),
('EMEI','MARIA APPARECIDA BORGES DE O. BONINI, EMEI',1,2,0),
('EMEI','MARIA GORETTI, SANTA, EMEI',2,4,0),
('EMEI','MARIA HELENA BRAGA MONTE SERRAT, EMEI',2,1,0),
('EMEI','MARIA PONTIM, EMEI',1,1,0),
('EMEI','MARLENE JORGE DOS REIS, EMEI',3,1,0),
('EMEI','MIGUEL MUSSI, EMEI',2,2,0),
('EMEI','MOACIR FIRMINO, EMEI',3,1,0),
('EMEI','NARCISO NICOLODI, IRMÃO, EMEI',2,1,0),
('EMEI','NEIDE APPARECIDA GOLFETTO DE CASTRO, EMEI',1,1,0),
('EMEI','NICOLAU DINAMARCO SPINELLI, DR., EMEI',2,1,0),
('EMEI','PAULO HENRIQUE DE SOUZA, EMEI',2,1,0),
('EMEI','ROBERTO AFONSO PONTES, EMEI',1,1,0),
('EMEI','RUY ESCOREL FERREIRA SANTOS, EMEI',2,2,0),
('EMEI','TEREZINHA, SANTA, EMEI',1,1,0),
('EMEI','TERESA HENDRICA ANTONISSEN, EMEI',3,3,0),
('EMEI','WANDA PRINCIVALLI MARCAL, EMEI',2,2,0),
('EMEI','WILSON ROSELINO, EMEI',2,0,0),
('EMEI','ZILDA COSSA D AVILA, EMEI',2,2,0),
('EMEF','ALCINA DOS SANTOS HECK, EMEF',2,3,2),
('EMEF','ALFEU LUIZ GASPARINI, PROFº., EMEF',10,8,6),
('EMEF','ANTONIO PALOCCI, EMEF',7,4,4),
('EMEF','ANISIO TEIXEIRA, PROFº., EMEF',6,5,4),
('EMEF','DERCY CELIA SEIXAS FERRARI, PROFª., EMEF',4,4,3),
('EMEF','DOMINGOS ADILSON CANESIN, EMEF',4,4,2),
('EMEF','DOMINGOS ANGERAMI, PROFº., EMEF',4,4,3),
('EMEF','EDUARDO ROMUALDO DE SOUZA, PROFº., EMEF',6,7,0),
('EMEF','ELISA DUBOC GARCIA, PROFª., EMEF',4,4,3),
('EMEF','ENEIDA PEREIRA DOS SANTOS, EMEF',4,3,3),
('EMEF','EPONINA DE BRITTO ROSSETO, PROFª., EMEF',2,2,2),
('EMEF','FAUSTINO JARRUCHE, EMEF',5,5,4),
('EMEF','GERALDA DE SOUZA ESPIN, EMEF',5,3,4),
('EMEF','HONORATO DE LUCCA, PROFº., EMEF',3,3,3),
('EMEF','JAIME MONTEIRO DE BARROS DR., EMEF',5,5,4),
('EMEF','JARBAS MASSULO, PROFº., EMEF',2,4,3),
('EMEF','JOAO GILBERTO SAMPAIO, DR., EMEF',4,4,0),
('EMEF','JOSE DELIBO, VER., EMEF',6,3,3),
('EMEF','JOSE RODINI LUIZ PROFº., EMEF',4,3,3),
('EMEF','JULIO CESAR VOLTARELLI, DR EMEF',3,6,4),
('EMEF','LUIS DO AMARAL MOUSINHO, DOM, EMEF',7,3,4),
('EMEF','MARIA IGNEZ LOPES ROSSI, PROFª., EMEF',3,5,3),
('EMEF','MARIA INES VIEIRA MACHADO, PROFª., EMEF',4,3,3),
('EMEF','NELSON MACHADO, EMEF',5,7,4),
('EMEF','NEUZA MICHELUTTI MARZOLA, PROFª., EMEF',6,6,5),
('EMEF','PAULO FREIRE, PROFº., EMEF',7,4,4),
('EMEF','PAULO MONTE SERRAT FILHO, PROFº., DR., EMEF',6,4,3),
('EMEF','RAUL MACHADO, PROFº., EMEF',7,6,3),
('EMEF','SALVADOR MARTURANO, PROFº., EMEF',2,5,4),
('EMEF','SEBASTIAO DE AGUIAR AZEVEDO, EMEF',4,3,5),
('EMEF','SEBASTIAO DE AGUIAR AZEVEDO, EMEF - UN. II',2,4,3),
('EMEF','VIRGILIO SALATA, EMEF',11,8,0),
('EMEF','WALDEMAR ROBERTO, PROF.,DR., EMEF',5,3,5),
('EMEF','EGYDIO PEDRESCHI CEEEF',3,4,0);
INSERT INTO ee_liminar_unidade (escola,tipo,total_turmas,turmas_manha,turmas_tarde,prof_manha,prof_tarde,status) VALUES
('ADRIANA COUTINHO BRANDANI CAMILO EMEI','EMEI',1,1,1,1,1,'Atendida'),
('ALBERT EINSTEIN EMEI','EMEI',1,0,1,1,1,'Atendida'),
('ALBERTO FERRIANI PROFESSOR','',1,1,0,0,0,'Pendência'),
('ALCINA DOS SANTOS HECK EMEF','EMEF',7,3,4,2,3,'Pendência'),
('ALFEU LUIZ GASPARINI PROFESSOR EMEF','EMEF',18,11,7,10,8,'Pendência'),
('ALOIZIO OLAIA PASCHOAL EMEI','EMEI',1,1,1,2,2,'Atendida'),
('AMELIA JUNQUEIRA EMEI','EMEI',3,1,2,4,4,'Atendida'),
('ALPHEU DOMINIGUETTI PROFESSOR','',1,0,1,0,0,'Pendência'),
('AMELIA SOFIA RODRIGUES DA COSTA EMEI','EMEI',3,2,1,1,1,'Pendência'),
('ANA DOS SANTOS GABARRA EMEI','EMEI',2,1,1,2,2,'Atendida'),
('ANISIO TEIXEIRA PROF EMEF','EMEF',12,5,7,6,5,'Pendência'),
('ANTONIO PALOCCI EMEF','EMEF',14,7,7,7,4,'Pendência'),
('ANTONIO DIEDERICHSEN','',2,1,1,0,0,'Pendência'),
('AUREA APPARECIDA BRAGHETTO MACHADO PROFA EMEI','EMEI',3,3,3,2,0,'Pendência'),
('CAETANA SPINELLI MARTINS EMEI','EMEI',2,0,2,1,1,'Pendência'),
('BENTO BENEDINI COLEGIO','',1,1,0,0,0,'Fora da rede municipal'),
('CARMEN APARECIDA DE CARVALHO RAMOS EMEI','EMEI',1,1,0,2,2,'Atendida'),
('CARMEN MASSAROTO EMEI','',2,0,2,0,0,'Pendência'),
('CAPELLA KIDS SISTEMA DE ENSINO EIRELI- ME','',1,1,0,0,0,'Fora da rede municipal'),
('CECILIO FRAGUAS CRECHE MUNICIPAL CEI','CEI',2,2,2,0,0,'Pendência'),
('CAROCHINHA CRECHE - COSEAS USP','',1,1,1,0,0,'Fora da rede municipal'),
('DERCY CELIA SEIXAS FERRARI PROFA EMEF','EMEF',7,6,1,4,4,'Pendência'),
('CERVANTES COLEGIO','',1,1,0,0,0,'Fora da rede municipal'),
('COLÉGIO ELEVE DE RIBEIRÃO PRETO UNIDADE KENNEDY','',1,1,1,0,0,'Fora da rede municipal'),
('COLÉGIO NOVO – UNIDADE ALTO DA BOA VISTA','',1,1,0,0,0,'Fora da rede municipal'),
('COLÉGIO VIKTOR FRANKL (UNIDADE 2 - BOULEVARD)','',1,0,1,0,0,'Fora da rede municipal'),
('CORDELIA RIBEIRO RAGOZO PROFESSORA','',2,1,1,0,0,'Pendência'),
('DOMINGOS ADILSON CANESIN, EMEF','EMEF',6,4,2,4,4,'Atendida'),
('DOMINGOS ANGERAMI PROF DR EMEF','EMEF',4,1,3,4,4,'Atendida'),
('EDUARDO ROMUALDO DE SOUZA PROF EMEF','EMEF',22,12,10,6,7,'Pendência'),
('DOMINGOS JOAO BAPTISTA SPINELLI PROFESSOR DOUTOR','',1,1,1,0,0,'Pendência'),
('EDGARDO CAJADO DOUTOR','',1,0,1,0,0,'Pendência'),
('EGYDIO PEDRESCHI CENTRO DE EDUCACAO ESPECIAL','EMEF',2,1,1,3,4,'Atendida'),
('ELISA DUBOC GARCIA PROFA EMEF','EMEF',9,4,5,4,4,'Pendência'),
('ELZA GUAZZELI DA COSTA PROFA EMEI','EMEI',3,2,2,2,1,'Pendência'),
('ELZA LEITE DA COSTA PROFA EMEF','EMEI',1,0,1,2,1,'Atendida'),
('EMILIO JARBINET PADRE EMEI','EMEI',3,2,1,2,2,'Atendida'),
('ENEIDA PEREIRA DOS SANTOS DE AGUIAR DOUTORA PROFESSORA, EMEF','EMEF',5,3,2,4,3,'Atendida'),
('EPONINA DE BRITTO ROSSETTO PROFA EMEF','EMEF',4,2,2,2,2,'Atendida'),
('FAUSTINO JARRUCHE DR EMEF','EMEF',11,6,5,5,5,'Pendência'),
('ESCOLA PRÓ CULTURAL AMARELINHA','',1,0,1,0,0,'Fora da rede municipal'),
('GERALDA DE SOUZA ESPIN EMEF','EMEF',5,5,0,5,3,'Atendida'),
('FUTURO COLEGIO','',1,1,0,0,0,'Fora da rede municipal'),
('HENILLA GODOY VELLUDO SALVADOR EMEI','EMEI',1,1,0,3,1,'Atendida'),
('GETULIO VARGAS DOUTOR','',3,1,2,0,0,'Pendência'),
('GRAPHEIN COLEGIO','',1,1,0,0,0,'Fora da rede municipal'),
('HILDA MARIA SOBRAL BARBOSA MANDARINO EMEI','EMEI',4,2,2,2,2,'Atendida'),
('HERMINIA GUGLIANO PROFESSORA','',1,0,1,0,0,'Pendência'),
('HILDA MOSCA ESCOLA MUNICIPAL DE EDUCACAO INFANTIL EMEI','EMEI',2,2,2,2,1,'Pendência'),
('HONORATO DE LUCCA PROF EMEF','EMEF',6,5,1,3,3,'Pendência'),
('IRIA JUNQUEIRA DONA EMEI','EMEI',7,4,4,1,2,'Pendência'),
('JAIME MONTEIRO DE BARROS PROF EMEF','EMEF',9,8,1,5,5,'Pendência'),
('JARBAS MASSULLO PROF EMEF','',6,2,4,0,0,'Pendência'),
('JARDIM WILMA FLOR','',1,1,0,0,0,'Pendência'),
('JESUS GUILHERME GIACOMINI','',1,1,0,0,0,'Pendência'),
('JOAO GILBERTO SAMPAIO DR EMEF','EMEF',9,5,4,4,4,'Pendência'),
('JOAO RODRIGUES GUIAO DOUTOR','',3,2,1,0,0,'Pendência'),
('JOAO SPERANDIO DEPUTADO EMEI','EMEI',1,1,0,2,1,'Atendida'),
('JORGE RODINI LUIZ PROFESSOR','EMEF',3,2,1,4,3,'Atendida'),
('JOSE BONIFACIO COUTINHO NOGUEIRA EMEI','EMEI',3,2,1,1,1,'Pendência'),
('JOSE CARLOS SOBRAL DR EMEI','EMEI',4,4,4,2,2,'Pendência'),
('JOSE DELIBO VEREADOR EMEF','EMEF',10,6,4,6,3,'Pendência'),
('JOSE LIMA PEDREIRA DE FREITAS PROFESSORA','',1,1,1,0,0,'Pendência'),
('JOSE PEDRO MOREIRA PROF EMEI','EMEI',4,2,2,3,4,'Atendida'),
('JOSE RODINI LUIZ PROF EMEF','EMEF',8,6,2,4,3,'Pendência'),
('JULIETA FERNANDA SOUSA TARANTO','',1,0,1,0,0,'Pendência'),
('JULIO CESAR VOLTARELLI DR EMEF','EMEF',10,6,4,3,6,'Pendência'),
('KINDERSPIEL COLEGIO','',1,0,1,0,0,'Fora da rede municipal'),
('LILIAN SPADARO ROSA E SILVA PROFA EMEI','EMEI',3,3,1,1,1,'Pendência'),
('LUIS AMARAL MOUSINHO DOM EMEF','EMEF',7,7,0,7,3,'Atendida'),
('MARIA APPARECIDA BORGES DE OLIVEIRA BONINI EMEI','EMEI',2,0,2,1,2,'Atendida'),
('MARIA APPARECIDA BORGES DE OLIVEIRA BONINI PROFA EMEI','EMEI',1,1,0,1,2,'Atendida'),
('MARIA HELENA BRAGA MONTE SERRAT DOUTORA EMEI','EMEI',2,2,1,2,1,'Atendida'),
('MARIA IGNEZ LOPES ROSSI PROFA EMEF','EMEF',8,2,6,3,5,'Pendência'),
('MARIA INES VIEIRA MACHADO EMEF','EMEF',6,3,4,4,3,'Pendência'),
('MARISTA IR RUI LEOPOLDO DEPINE CENTRO EDUCACIONAL','',1,0,1,0,0,'Fora da rede municipal'),
('MARLENE JORGE DOS REIS PROFA EMEI','EMEI',7,5,2,3,1,'Pendência'),
('METROPOLITANA ESCOLA','',1,0,1,0,0,'Fora da rede municipal'),
('MIGUEL MUSSI PROF EMEI','EMEI',5,5,0,2,2,'Pendência'),
('MOACIR FIRMINO EMEI','EMEI',4,3,1,3,1,'Atendida'),
('NARCISO NICOLODI IRMAO EMEI','EMEI',1,1,0,2,1,'Atendida'),
('NEIDE APARECIDA GOLFETTO DE CASTRO PROFA EMEI','EMEI',3,2,1,1,1,'Pendência'),
('NEIDE APPARECIDA GOLFETTO DE CASTRO EMEI','EMEI',1,1,0,1,1,'Atendida'),
('NELSON MACHADO EMEF','EMEF',6,1,5,5,7,'Atendida'),
('NEUZA MICHELUTTI MARZOLA PROFA EMEF','EMEF',13,7,6,6,6,'Pendência'),
('NICOLAU DINAMARCO SPINELLI DR EMEI','EMEI',1,1,0,2,1,'Atendida'),
('PAULO FREIRE PROF EMEF','EMEF',11,7,4,7,4,'Atendida'),
('PAULO HENRIQUE DE SOUZA EMEI','EMEI',1,1,1,2,1,'Atendida'),
('PAULO MONTE SERRAT FILHO PROF DR EMEF','EMEF',14,8,6,6,4,'Pendência'),
('RAUL MACHADO PROF EMEF','EMEF',16,8,8,7,6,'Pendência'),
('PEDRO DE OLIVEIRA SANTOS EMEI','',1,1,0,0,0,'Pendência'),
('PROFESSOR LAURO BIGÉLLI','',2,1,1,0,0,'Pendência'),
('ROBERTO AFONSO PONTES EMEI','EMEI',2,0,2,1,1,'Pendência'),
('RUY ESCOREL FERREIRA SANTOS DR EMEI','EMEI',2,2,2,2,2,'Atendida'),
('SALVADOR MARTURANO PROF EMEF','EMEF',11,5,6,2,5,'Pendência'),
('SANTA MARIA GORETTI EMEI','EMEI',2,1,1,2,4,'Atendida'),
('SEBASTIAO DE AGUIAR AZEVEDO I EMEF','EMEF',11,5,6,4,3,'Pendência'),
('SEBASTIÃO DE AGUIAR AZEVEDO I EMEF','EMEF',2,0,2,4,3,'Atendida'),
('SEBASTIAO DE AGUIAR AZEVEDO UNIDADE II EMEF','',4,2,2,0,0,'Fora da rede municipal'),
('SÓCRATES BRASILEIRO','',1,0,1,0,0,'Pendência'),
('TERESA HENDRICA ANTONISSEN EMEI','EMEI',5,4,3,3,3,'Pendência'),
('VEIGA DE MIRANDA MINISTRO','',2,1,1,0,0,'Pendência'),
('VINTE E CINCO DE DEZEMBRO LAR ESCOLA DA CRIANCA','',1,1,1,0,0,'Pendência'),
('VIRGILIO SALATA EMEF','EMEF',19,9,10,11,8,'Pendência'),
('VITOR YOUSSEF DARKOUBI CEI','CEI',1,1,1,0,0,'Pendência'),
('WALDEMAR ROBERTO PROFESSOR DOUTOR EMEF','EMEF',4,4,0,5,3,'Atendida'),
('WANDA PRINCIVALLI MARCAL EMEI','EMEI',6,3,3,2,2,'Pendência'),
('WILSON ROSELINO DR EMEI','EMEI',1,1,1,2,0,'Pendência'),
('','',1,0,0,0,0,'Atendida'),
('SEBASTIAO DE AGUIAR AZEVEDO EMEF','EMEF',1,1,0,4,3,'Atendida'),
('EPONINA DE BRITTO ROSSETO EMEF','EMEF',1,0,1,2,2,'Atendida'),
('JOÃO DA CRUZ MOREIRA CEI','CEI',1,1,1,0,0,'Pendência'),
('JOSE PEDRO MOREIRA EMEI','EMEI',1,0,1,3,4,'Atendida'),
('LUIS DO AMARAL MOUSINHO EMEF','EMEF',1,0,1,7,3,'Atendida'),
('MODELO MARINCEK CEI','CEI',1,1,1,0,0,'Pendência'),
('LEONOR MERTÍLIA COSTA CEI','CEI',1,1,1,0,0,'Pendência'),
('MARIA HELENA BRAGA MONTE SERRAT EMEI','EMEI',1,1,0,2,1,'Atendida'),
('DOUTOR JOSÉ ROBERTO FELICIO EMEI','EMEI',1,1,0,2,0,'Atendida'),
('ELISA DUBOC GARCIA EMEF','EMEF',1,0,1,4,4,'Atendida'),
('HILDA MOSCA EMEI','EMEI',1,1,1,2,1,'Atendida'),
('RAUL MACHADO EMEF','EMEF',1,0,1,7,6,'Atendida');
INSERT INTO ee_liminar_turma (escola,turma,periodo,alunos,status) VALUES
('ADRIANA COUTINHO BRANDANI CAMILO EMEI','MATERNAL 2 B INTEGRAL ANUAL','Integral',1,'Atendida'),
('ALBERT EINSTEIN EMEI','2ª ETAPA PRÉ-ESCOLA E TARDE ANUAL','Tarde',1,'Atendida'),
('ALBERTO FERRIANI PROFESSOR','1° ANO A MANHA ANUAL','Manhã',1,'Pendência'),
('ALCINA DOS SANTOS HECK EMEF','4°ANO A/TARDE','Tarde',1,'Pendência'),
('ALCINA DOS SANTOS HECK EMEF','4° ANO B TARDE ANUAL','Tarde',1,'Pendência'),
('ALCINA DOS SANTOS HECK EMEF','2° ANO B TARDE ANUAL','Tarde',1,'Pendência'),
('ALCINA DOS SANTOS HECK EMEF','5° ANO A MANHA ANUAL','Manhã',1,'Pendência'),
('ALCINA DOS SANTOS HECK EMEF','6° ANO B MANHA ANUAL','Manhã',1,'Pendência'),
('ALCINA DOS SANTOS HECK EMEF','7° ANO A MANHA','Manhã',1,'Pendência'),
('ALCINA DOS SANTOS HECK EMEF','1° ANO A TARDE ANUAL','Tarde',1,'Pendência'),
('ALFEU LUIZ GASPARINI PROFESSOR EMEF','2° ANO E TARDE ANUAL','Tarde',1,'Atendida'),
('ALFEU LUIZ GASPARINI PROFESSOR EMEF','1º ANO E TARDE','Tarde',1,'Atendida'),
('ALFEU LUIZ GASPARINI PROFESSOR EMEF','6° ANO D TARDE ANUAL','Tarde',2,'Atendida'),
('ALFEU LUIZ GASPARINI PROFESSOR EMEF','2° ANO F TARDE ANUAL','Tarde',1,'Atendida'),
('ALFEU LUIZ GASPARINI PROFESSOR EMEF','6° ANO A MANHA ANUAL','Manhã',1,'Pendência'),
('ALFEU LUIZ GASPARINI PROFESSOR EMEF','4° ANO A MANHA ANUAL','Manhã',1,'Pendência'),
('ALFEU LUIZ GASPARINI PROFESSOR EMEF','7° ANO A MANHA ANUAL','Manhã',1,'Pendência'),
('ALFEU LUIZ GASPARINI PROFESSOR EMEF','3° ANO A MANHA ANUAL','Manhã',1,'Pendência'),
('ALFEU LUIZ GASPARINI PROFESSOR EMEF','2° ANO C MANHA ANUAL','Manhã',1,'Pendência'),
('ALFEU LUIZ GASPARINI PROFESSOR EMEF','2° ANO A MANHA ANUAL','Manhã',2,'Pendência'),
('ALFEU LUIZ GASPARINI PROFESSOR EMEF','7° ANO D TARDE ANUAL','Tarde',1,'Atendida'),
('ALFEU LUIZ GASPARINI PROFESSOR EMEF','5° ANO A MANHA ANUAL','Manhã',1,'Pendência'),
('ALFEU LUIZ GASPARINI PROFESSOR EMEF','3° ANO C TARDE ANUAL','Tarde',1,'Atendida'),
('ALFEU LUIZ GASPARINI PROFESSOR EMEF','4° ANO B MANHA ANUAL','Manhã',1,'Pendência'),
('ALFEU LUIZ GASPARINI PROFESSOR EMEF','8° ANO C TARDE ANUAL','Tarde',1,'Atendida'),
('ALFEU LUIZ GASPARINI PROFESSOR EMEF','1° ANO A MANHA ANUAL','Manhã',1,'Pendência'),
('ALFEU LUIZ GASPARINI PROFESSOR EMEF','6° ANO C MANHA ANUAL','Manhã',1,'Pendência'),
('ALFEU LUIZ GASPARINI PROFESSOR EMEF','2º ANO B MANHA ANUAL','Manhã',1,'Pendência'),
('ALOIZIO OLAIA PASCHOAL EMEI','2ª ETAPA PRÉ-ESCOLA B INTEGRAL ANUAL','Integral',1,'Atendida'),
('AMELIA JUNQUEIRA EMEI','2ª ETAPA PRÉ-ESCOLA B MANHA ANUAL','Manhã',1,'Atendida'),
('AMELIA JUNQUEIRA EMEI','1ª ETAPA PRÉ-ESCOLA E TARDE ANUAL','Tarde',1,'Atendida'),
('AMELIA JUNQUEIRA EMEI','2ª ETAPA PRÉ-ESCOLA D TARDE ANUAL','Tarde',1,'Atendida'),
('ALPHEU DOMINIGUETTI PROFESSOR','1° ANO A TARDE ANUAL','Tarde',2,'Pendência'),
('AMELIA SOFIA RODRIGUES DA COSTA EMEI','1ª ETAPA PRÉ-ESCOLA A MANHA ANUAL','Manhã',1,'Pendência'),
('AMELIA SOFIA RODRIGUES DA COSTA EMEI','2ª ETAPA PRÉ-ESCOLA B TARDE ANUAL','Tarde',3,'Atendida'),
('AMELIA SOFIA RODRIGUES DA COSTA EMEI','ETAPA 2 A - MANHÃ','Manhã',1,'Pendência'),
('ANA DOS SANTOS GABARRA EMEI','2ª ETAPA PRÉ-ESCOLA B MANHA ANUAL','Manhã',1,'Atendida'),
('ANA DOS SANTOS GABARRA EMEI','1ª ETAPA PRÉ-ESCOLA E TARDE ANUAL','Tarde',1,'Atendida'),
('ANISIO TEIXEIRA PROF EMEF','3° ANO B TARDE ANUAL','Tarde',3,'Pendência'),
('ANISIO TEIXEIRA PROF EMEF','1° ANO A MANHA ANUAL','Manhã',2,'Atendida'),
('ANISIO TEIXEIRA PROF EMEF','2° ANO A MANHA ANUAL','Manhã',1,'Atendida'),
('ANISIO TEIXEIRA PROF EMEF','6° ANO C TARDE ANUAL','Tarde',1,'Pendência'),
('ANISIO TEIXEIRA PROF EMEF','2° ANO B TARDE ANUAL','Tarde',1,'Pendência'),
('ANISIO TEIXEIRA PROF EMEF','5° ANO B MANHA ANUAL','Manhã',2,'Atendida'),
('ANISIO TEIXEIRA PROF EMEF','9° ANO D TARDE ANUAL','Tarde',1,'Pendência'),
('ANISIO TEIXEIRA PROF EMEF','9° ANO B MANHA ANUAL','Manhã',1,'Atendida'),
('ANISIO TEIXEIRA PROF EMEF','3° ANO A MANHA ANUAL','Manhã',2,'Atendida'),
('ANISIO TEIXEIRA PROF EMEF','5° ANO C TARDE ANUAL','Tarde',1,'Pendência'),
('ANISIO TEIXEIRA PROF EMEF','9º ANO C TARDE','Tarde',2,'Pendência'),
('ANISIO TEIXEIRA PROF EMEF','1º ANO B TARDE','Tarde',1,'Pendência'),
('ANTONIO PALOCCI EMEF','7° ANO B MANHA ANUAL','Manhã',2,'Atendida'),
('ANTONIO PALOCCI EMEF','5° ANO B TARDE ANUAL','Tarde',1,'Pendência'),
('ANTONIO PALOCCI EMEF','4° ANO C TARDE ANUAL','Tarde',1,'Pendência'),
('ANTONIO PALOCCI EMEF','8° ANO C TARDE ANUAL','Tarde',1,'Pendência'),
('ANTONIO PALOCCI EMEF','3° ANO B MANHA ANUAL','Manhã',1,'Atendida'),
('ANTONIO PALOCCI EMEF','3° ANO C TARDE ANUAL','Tarde',1,'Pendência'),
('ANTONIO PALOCCI EMEF','9° ANO A MANHA ANUAL','Manhã',1,'Atendida'),
('ANTONIO PALOCCI EMEF','7° ANO A MANHA ANUAL','Manhã',1,'Atendida'),
('ANTONIO PALOCCI EMEF','5° ANO C TARDE ANUAL','Tarde',2,'Pendência'),
('ANTONIO PALOCCI EMEF','4° ANO B MANHA ANUAL','Manhã',1,'Atendida'),
('ANTONIO PALOCCI EMEF','1° ANO B MANHA ANUAL','Manhã',1,'Atendida'),
('ANTONIO PALOCCI EMEF','1° ANO A MANHA ANUAL','Manhã',1,'Atendida'),
('ANTONIO PALOCCI EMEF','4° ANO D TARDE ANUAL','Tarde',1,'Pendência'),
('ANTONIO PALOCCI EMEF','1º ANO C TARDE ANUAL','Tarde',1,'Pendência'),
('ANTONIO DIEDERICHSEN','1° ANO B MANHA ANUAL','Manhã',1,'Pendência'),
('ANTONIO DIEDERICHSEN','1° ANO C TARDE ANUAL','Tarde',2,'Pendência'),
('AUREA APPARECIDA BRAGHETTO MACHADO PROFA EMEI','2ª ETAPA PRÉ-ESCOLA D INTEGRAL ANUAL','Integral',1,'Pendência'),
('AUREA APPARECIDA BRAGHETTO MACHADO PROFA EMEI','ETAPA I C INTEGRAL','Integral',1,'Pendência'),
('AUREA APPARECIDA BRAGHETTO MACHADO PROFA EMEI','2ª ETAPA PRÉ-ESCOLA B INTEGRAL ANUAL','Integral',1,'Pendência'),
('CAETANA SPINELLI MARTINS EMEI','1ª ETAPA PRÉ-ESCOLA C TARDE ANUAL','Tarde',1,'Pendência'),
('CAETANA SPINELLI MARTINS EMEI','2ª ETAPA PRÉ-ESCOLA C TARDE ANUAL','Tarde',2,'Pendência'),
('BENTO BENEDINI COLEGIO','1° ANO A MANHA ANUAL','Manhã',1,'Fora da rede municipal'),
('CARMEN APARECIDA DE CARVALHO RAMOS EMEI','1ª ETAPA PRÉ-ESCOLA A MANHA ANUA','Manhã',1,'Atendida'),
('CARMEN MASSAROTO EMEI','2ª ETAPA PRÉ-ESCOLA B TARDE ANUAL','Tarde',1,'Pendência'),
('CARMEN MASSAROTO EMEI','2ª ETAPA PRÉ-ESCOLA C TARDE ANUAL','Tarde',1,'Pendência'),
('CAPELLA KIDS SISTEMA DE ENSINO EIRELI- ME','3° ANO A MANHA ANUAL','Manhã',1,'Fora da rede municipal'),
('CECILIO FRAGUAS CRECHE MUNICIPAL CEI','MATERNAL 2 B INTEGRAL ANUAL','Integral',1,'Pendência'),
('CECILIO FRAGUAS CRECHE MUNICIPAL CEI','MATERNAL 2 C INTEGRAL ANUAL','Integral',1,'Pendência'),
('CAROCHINHA CRECHE - COSEAS USP','1ª ETAPA PRÉ-ESCOLA P1 INTEGRAL ANUAL','Integral',1,'Fora da rede municipal'),
('DERCY CELIA SEIXAS FERRARI PROFA EMEF','4° ANO A MANHA ANUAL','Manhã',3,'Pendência'),
('DERCY CELIA SEIXAS FERRARI PROFA EMEF','8° ANO C MANHA ANUAL','Manhã',1,'Pendência'),
('DERCY CELIA SEIXAS FERRARI PROFA EMEF','6° ANO C TARDE ANUAL','Tarde',1,'Atendida'),
('DERCY CELIA SEIXAS FERRARI PROFA EMEF','9° ANO A MANHA ANUAL','Manhã',2,'Pendência'),
('DERCY CELIA SEIXAS FERRARI PROFA EMEF','9° ANO B MANHA ANUAL','Manhã',1,'Pendência'),
('DERCY CELIA SEIXAS FERRARI PROFA EMEF','1°ANO A MANHÃ','Manhã',1,'Pendência'),
('DERCY CELIA SEIXAS FERRARI PROFA EMEF','9° ANO A MANHA','Manhã',1,'Pendência'),
('CERVANTES COLEGIO','2° ANO E MANHA ANUAL','Manhã',1,'Fora da rede municipal'),
('COLÉGIO ELEVE DE RIBEIRÃO PRETO UNIDADE KENNEDY','1° ANO A INTEGRAL ANUAL','Integral',1,'Fora da rede municipal'),
('COLÉGIO NOVO – UNIDADE ALTO DA BOA VISTA','1° ANO A MANHA ANUAL','Manhã',1,'Fora da rede municipal'),
('COLÉGIO VIKTOR FRANKL (UNIDADE 2 - BOULEVARD)','5° ANO B TARDE ANUAL','Tarde',1,'Fora da rede municipal'),
('CORDELIA RIBEIRO RAGOZO PROFESSORA','1° ANO A MANHA ANUAL','Manhã',1,'Pendência'),
('CORDELIA RIBEIRO RAGOZO PROFESSORA','1° ANO C TARDE ANUAL','Tarde',1,'Pendência'),
('DOMINGOS ADILSON CANESIN, EMEF','9° ANO F MANHA ANUAL','Manhã',2,'Atendida'),
('DOMINGOS ADILSON CANESIN, EMEF','9° ANO C MANHA ANUAL','Manhã',1,'Atendida'),
('DOMINGOS ADILSON CANESIN, EMEF','8° ANO E TARDE ANUAL','Tarde',1,'Atendida'),
('DOMINGOS ADILSON CANESIN, EMEF','9° ANO E MANHA ANUAL','Manhã',1,'Atendida'),
('DOMINGOS ADILSON CANESIN, EMEF','6° ANO B TARDE ANUAL','Tarde',1,'Atendida'),
('DOMINGOS ADILSON CANESIN, EMEF','9º ANO C MANHÃ','Manhã',1,'Atendida'),
('DOMINGOS ANGERAMI PROF DR EMEF','2º ANO A TARDE','Tarde',1,'Atendida'),
('DOMINGOS ANGERAMI PROF DR EMEF','5° ANO C TARDE ANUAL','Tarde',1,'Atendida'),
('DOMINGOS ANGERAMI PROF DR EMEF','9° ANO E MANHA ANUAL','Manhã',1,'Atendida'),
('DOMINGOS ANGERAMI PROF DR EMEF','1° ANO A TARDE ANUAL','Tarde',1,'Atendida'),
('EDUARDO ROMUALDO DE SOUZA PROF EMEF','7° ANO A MANHA ANUAL','Manhã',2,'Pendência'),
('EDUARDO ROMUALDO DE SOUZA PROF EMEF','2° ANO D TARDE ANUAL','Tarde',2,'Pendência'),
('EDUARDO ROMUALDO DE SOUZA PROF EMEF','4° ANO C TARDE ANUAL','Tarde',1,'Pendência'),
('EDUARDO ROMUALDO DE SOUZA PROF EMEF','3° ANO C MANHA ANUAL','Manhã',2,'Pendência'),
('EDUARDO ROMUALDO DE SOUZA PROF EMEF','2° ANO E TARDE ANUAL','Tarde',2,'Pendência'),
('EDUARDO ROMUALDO DE SOUZA PROF EMEF','7° ANO D TARDE ANUAL','Tarde',1,'Pendência'),
('EDUARDO ROMUALDO DE SOUZA PROF EMEF','9° ANO A MANHA ANUAL','Manhã',1,'Pendência'),
('EDUARDO ROMUALDO DE SOUZA PROF EMEF','6° ANO A MANHA ANUAL','Manhã',1,'Pendência'),
('EDUARDO ROMUALDO DE SOUZA PROF EMEF','2° ANO B MANHA ANUAL','Manhã',2,'Pendência'),
('EDUARDO ROMUALDO DE SOUZA PROF EMEF','6° ANO B MANHA ANUAL','Manhã',1,'Pendência'),
('EDUARDO ROMUALDO DE SOUZA PROF EMEF','2° ANO A MANHA ANUAL','Manhã',1,'Pendência'),
('EDUARDO ROMUALDO DE SOUZA PROF EMEF','3° ANO A MANHA ANUAL','Manhã',2,'Pendência'),
('EDUARDO ROMUALDO DE SOUZA PROF EMEF','3° ANO E TARDE ANUAL','Tarde',1,'Pendência'),
('EDUARDO ROMUALDO DE SOUZA PROF EMEF','4° ANO B MANHA ANUAL','Manhã',1,'Pendência'),
('EDUARDO ROMUALDO DE SOUZA PROF EMEF','4° ANO D TARDE ANUAL','Tarde',1,'Pendência'),
('EDUARDO ROMUALDO DE SOUZA PROF EMEF','1° ANO C TARDE ANUAL','Tarde',1,'Pendência'),
('EDUARDO ROMUALDO DE SOUZA PROF EMEF','3° ANO B MANHA ANUAL','Manhã',1,'Pendência'),
('EDUARDO ROMUALDO DE SOUZA PROF EMEF','9º ANO C TARDE','Tarde',1,'Pendência'),
('EDUARDO ROMUALDO DE SOUZA PROF EMEF','2º ANO B MANHÃ','Manhã',1,'Pendência'),
('EDUARDO ROMUALDO DE SOUZA PROF EMEF','1° ANO D TARDE ANUAL','Tarde',1,'Pendência'),
('EDUARDO ROMUALDO DE SOUZA PROF EMEF','1º ANO D TARDE','Tarde',1,'Pendência'),
('EDUARDO ROMUALDO DE SOUZA PROF EMEF','8º ANO B MANHÃ','Manhã',1,'Pendência'),
('DOMINGOS JOAO BAPTISTA SPINELLI PROFESSOR DOUTOR','6° ANO A INTEGRAL 7H T1 ANUAL','Integral',1,'Pendência'),
('EDGARDO CAJADO DOUTOR','1° ANO B TARDE ANUAL','Tarde',1,'Pendência'),
('EGYDIO PEDRESCHI CENTRO DE EDUCACAO ESPECIAL','9° ANO B MANHA ANUAL','Manhã',1,'Atendida'),
('EGYDIO PEDRESCHI CENTRO DE EDUCACAO ESPECIAL','MULTISSERIADA B TARDE','Tarde',1,'Atendida'),
('ELISA DUBOC GARCIA PROFA EMEF','7° ANO A MANHA ANUAL','Manhã',1,'Atendida'),
('ELISA DUBOC GARCIA PROFA EMEF','5° ANO B TARDE ANUAL','Tarde',1,'Pendência'),
('ELISA DUBOC GARCIA PROFA EMEF','3° ANO C TARDE ANUAL','Tarde',1,'Pendência'),
('ELISA DUBOC GARCIA PROFA EMEF','3° ANO A MANHA ANUAL','Manhã',1,'Atendida'),
('ELISA DUBOC GARCIA PROFA EMEF','5° ANO A MANHA ANUAL','Manhã',2,'Atendida'),
('ELISA DUBOC GARCIA PROFA EMEF','5° ANO C TARDE ANUAL','Tarde',1,'Pendência'),
('ELISA DUBOC GARCIA PROFA EMEF','8° ANO C TARDE ANUAL','Tarde',1,'Pendência'),
('ELISA DUBOC GARCIA PROFA EMEF','1° ANO A MANHA ANUAL','Manhã',1,'Atendida'),
('ELISA DUBOC GARCIA PROFA EMEF','1° ANO B TARDE ANUAL','Tarde',2,'Pendência'),
('ELZA GUAZZELI DA COSTA PROFA EMEI','2ª ETAPA PRÉ-ESCOLA B TARDE ANUAL','Tarde',1,'Pendência'),
('ELZA GUAZZELI DA COSTA PROFA EMEI','2ª ETAPA PRÉ-ESCOLA A MANHA ANUAL','Manhã',1,'Atendida'),
('ELZA GUAZZELI DA COSTA PROFA EMEI','MATERNAL 2 B INTEGRAL ANUAL','Integral',1,'Pendência'),
('ELZA LEITE DA COSTA PROFA EMEF','4° ANO D TARDE ANUAL','Tarde',1,'Atendida'),
('EMILIO JARBINET PADRE EMEI','2ª ETAPA PRÉ-ESCOLA B MANHA ANUAL','Manhã',1,'Atendida'),
('EMILIO JARBINET PADRE EMEI','2ª ETAPA PRÉ-ESCOLA A MANHA ANUAL','Manhã',1,'Atendida'),
('EMILIO JARBINET PADRE EMEI','ETAPA II D TARDE','Tarde',1,'Atendida'),
('ENEIDA PEREIRA DOS SANTOS DE AGUIAR DOUTORA PROFESSORA, EMEF','1º ANO A MANHÃ','Manhã',1,'Atendida'),
('ENEIDA PEREIRA DOS SANTOS DE AGUIAR DOUTORA PROFESSORA, EMEF','2° ANO B MANHA ANUAL','Manhã',1,'Atendida'),
('ENEIDA PEREIRA DOS SANTOS DE AGUIAR DOUTORA PROFESSORA, EMEF','3° ANO I TARDE ANUAL','Tarde',3,'Atendida'),
('ENEIDA PEREIRA DOS SANTOS DE AGUIAR DOUTORA PROFESSORA, EMEF','5° ANO D TARDE ANUAL','Tarde',1,'Atendida'),
('ENEIDA PEREIRA DOS SANTOS DE AGUIAR DOUTORA PROFESSORA, EMEF','1° ANO B MANHA ANUAL','Manhã',1,'Atendida'),
('EPONINA DE BRITTO ROSSETTO PROFA EMEF','8° ANO A MANHA ANUAL','Manhã',1,'Atendida'),
('EPONINA DE BRITTO ROSSETTO PROFA EMEF','7° ANO A MANHA ANUAL','Manhã',1,'Atendida'),
('EPONINA DE BRITTO ROSSETTO PROFA EMEF','2° ANO A TARDE ANUAL','Tarde',2,'Atendida'),
('EPONINA DE BRITTO ROSSETTO PROFA EMEF','1° ANO A TARDE ANUAL','Tarde',1,'Atendida'),
('FAUSTINO JARRUCHE DR EMEF','2° ANO D TARDE ANUAL','Tarde',2,'Atendida'),
('FAUSTINO JARRUCHE DR EMEF','2° ANO C MANHA ANUAL','Manhã',1,'Pendência'),
('FAUSTINO JARRUCHE DR EMEF','2° ANO B MANHA ANUAL','Manhã',1,'Pendência'),
('FAUSTINO JARRUCHE DR EMEF','3° ANO B MANHA ANUAL','Manhã',1,'Pendência'),
('FAUSTINO JARRUCHE DR EMEF','4° ANO F TARDE ANUAL','Tarde',1,'Atendida'),
('FAUSTINO JARRUCHE DR EMEF','5° ANO D TARDE ANUAL','Tarde',1,'Atendida'),
('FAUSTINO JARRUCHE DR EMEF','1° ANO A MANHA ANUAL','Manhã',1,'Pendência'),
('FAUSTINO JARRUCHE DR EMEF','1° ANO F TARDE ANUAL','Tarde',1,'Atendida'),
('FAUSTINO JARRUCHE DR EMEF','1° ANO D TARDE ANUAL','Tarde',1,'Atendida'),
('FAUSTINO JARRUCHE DR EMEF','1° ANO C MANHA ANUAL','Manhã',1,'Pendência'),
('FAUSTINO JARRUCHE DR EMEF','4° ANO C MANHA ANUAL','Manhã',1,'Pendência'),
('ESCOLA PRÓ CULTURAL AMARELINHA','1º ANO B TARDE','Tarde',1,'Fora da rede municipal'),
('GERALDA DE SOUZA ESPIN EMEF','6° ANO A MANHA ANUAL','Manhã',1,'Atendida'),
('GERALDA DE SOUZA ESPIN EMEF','9° ANO A MANHA ANUAL','Manhã',1,'Atendida'),
('GERALDA DE SOUZA ESPIN EMEF','8° ANO B MANHA ANUAL','Manhã',1,'Atendida'),
('GERALDA DE SOUZA ESPIN EMEF','1º ANO A - MANHÃ','Manhã',1,'Atendida'),
('GERALDA DE SOUZA ESPIN EMEF','4º ANO B - MANHÃ','Manhã',1,'Atendida'),
('FUTURO COLEGIO','3° ANO B MANHA ANUAL','Manhã',1,'Fora da rede municipal'),
('HENILLA GODOY VELLUDO SALVADOR EMEI','2ª ETAPA PRÉ-ESCOLA A MANHA ANUAL','Manhã',1,'Atendida'),
('GETULIO VARGAS DOUTOR','1º ANO D TARDE ANUAL','Tarde',1,'Pendência'),
('GETULIO VARGAS DOUTOR','1º ANO A MANHA ANUAL','Manhã',1,'Pendência'),
('GETULIO VARGAS DOUTOR','1º ANO C TARDE ANUAL','Tarde',1,'Pendência'),
('GRAPHEIN COLEGIO','7° ANO A MANHA ANUAL','Manhã',1,'Fora da rede municipal'),
('HILDA MARIA SOBRAL BARBOSA MANDARINO EMEI','2ª ETAPA PRÉ-ESCOLA C TARDE ANUAL','Tarde',1,'Atendida'),
('HILDA MARIA SOBRAL BARBOSA MANDARINO EMEI','1ª ETAPA PRÉ-ESCOLA C MANHA ANUAL','Manhã',1,'Atendida'),
('HILDA MARIA SOBRAL BARBOSA MANDARINO EMEI','EATAPA I D TARDE','Tarde',1,'Atendida'),
('HILDA MARIA SOBRAL BARBOSA MANDARINO EMEI','ETAPA I B MANHA','Manhã',1,'Atendida'),
('HERMINIA GUGLIANO PROFESSORA','1° ANO A TARDE ANUAL','Tarde',1,'Pendência'),
('HILDA MOSCA ESCOLA MUNICIPAL DE EDUCACAO INFANTIL EMEI','2ª ETAPA PRÉ-ESCOLA C INTEGRAL ANUAL','Integral',1,'Pendência'),
('HILDA MOSCA ESCOLA MUNICIPAL DE EDUCACAO INFANTIL EMEI','1ª ETAPA PRÉ-ESCOLA C INTEGRAL ANUAL','Integral',1,'Pendência'),
('HONORATO DE LUCCA PROF EMEF','7° ANO C TARDE ANUAL','Tarde',1,'Atendida'),
('HONORATO DE LUCCA PROF EMEF','4° ANO A MANHA ANUAL','Manhã',2,'Pendência'),
('HONORATO DE LUCCA PROF EMEF','1° ANO A MANHA ANUAL','Manhã',1,'Pendência'),
('HONORATO DE LUCCA PROF EMEF','7° ANO A MANHA ANUAL','Manhã',1,'Pendência'),
('HONORATO DE LUCCA PROF EMEF','4° ANO B MANHA ANUAL','Manhã',1,'Pendência'),
('HONORATO DE LUCCA PROF EMEF','2° ANO A MANHA ANUAL','Manhã',1,'Pendência'),
('IRIA JUNQUEIRA DONA EMEI','MATERNAL 2 F TARDE ANUAL','Tarde',1,'Pendência'),
('IRIA JUNQUEIRA DONA EMEI','1ª ETAPA PRÉ-ESCOLA E TARDE ANUAL','Tarde',1,'Pendência'),
('IRIA JUNQUEIRA DONA EMEI','1ª ETAPA PRÉ-ESCOLA A MANHA ANUAL','Manhã',1,'Pendência'),
('IRIA JUNQUEIRA DONA EMEI','1ª ETAPA PRÉ-ESCOLA C MANHA ANUAL','Manhã',1,'Pendência'),
('IRIA JUNQUEIRA DONA EMEI','MATERNAL 2 B INTEGRAL ANUAL','Integral',1,'Pendência'),
('IRIA JUNQUEIRA DONA EMEI','ETAPA I A MANHÃ','Manhã',1,'Pendência'),
('IRIA JUNQUEIRA DONA EMEI','2ª ETAPA PRÉ-ESCOLA D TARDE ANUAL','Tarde',1,'Pendência'),
('JAIME MONTEIRO DE BARROS PROF EMEF','4° ANO B MANHA ANUAL','Manhã',1,'Pendência'),
('JAIME MONTEIRO DE BARROS PROF EMEF','3° ANO B MANHA ANUAL','Manhã',1,'Pendência'),
('JAIME MONTEIRO DE BARROS PROF EMEF','4° ANO C MANHA ANUAL','Manhã',1,'Pendência'),
('JAIME MONTEIRO DE BARROS PROF EMEF','9° ANO A MANHA ANUAL','Manhã',1,'Pendência'),
('JAIME MONTEIRO DE BARROS PROF EMEF','5° ANO D TARDE ANUAL','Tarde',1,'Atendida'),
('JAIME MONTEIRO DE BARROS PROF EMEF','2° ANO B MANHA ANUAL','Manhã',1,'Pendência'),
('JAIME MONTEIRO DE BARROS PROF EMEF','2° ANO A MANHA ANUAL','Manhã',1,'Pendência'),
('JAIME MONTEIRO DE BARROS PROF EMEF','6° ANO B MANHA ANUAL','Manhã',1,'Pendência'),
('JAIME MONTEIRO DE BARROS PROF EMEF','1° ANO A MANHA ANUAL','Manhã',1,'Pendência'),
('JARBAS MASSULLO PROF EMEF','1° ANO B TARDE ANUAL','Tarde',1,'Pendência'),
('JARBAS MASSULLO PROF EMEF','2° ANO B TARDE ANUAL','Tarde',2,'Pendência'),
('JARBAS MASSULLO PROF EMEF','3° ANO B TARDE ANUAL','Tarde',1,'Pendência'),
('JARBAS MASSULLO PROF EMEF','9° ANO A MANHA ANUAL','Manhã',1,'Pendência'),
('JARBAS MASSULLO PROF EMEF','1° ANO A TARDE ANUAL','Tarde',1,'Pendência'),
('JARBAS MASSULLO PROF EMEF','9° ANO B MANHA ANUAL','Manhã',1,'Pendência'),
('JARDIM WILMA FLOR','8º ANO B MANHA ANUAL','Manhã',1,'Pendência'),
('JESUS GUILHERME GIACOMINI','1° ANO B MANHA ANUAL','Manhã',1,'Pendência'),
('JOAO GILBERTO SAMPAIO DR EMEF','7° ANO C MANHA ANUAL','Manhã',1,'Pendência'),
('JOAO GILBERTO SAMPAIO DR EMEF','5° ANO A MANHA ANUAL','Manhã',1,'Pendência'),
('JOAO GILBERTO SAMPAIO DR EMEF','3° ANO A MANHA ANUA','Manhã',1,'Pendência'),
('JOAO GILBERTO SAMPAIO DR EMEF','4° ANO A MANHA ANUAL','Manhã',1,'Pendência'),
('JOAO GILBERTO SAMPAIO DR EMEF','2° ANO C TARDE ANUAL','Tarde',1,'Atendida'),
('JOAO GILBERTO SAMPAIO DR EMEF','8° ANO B MANHA ANUAL','Manhã',1,'Pendência'),
('JOAO GILBERTO SAMPAIO DR EMEF','1° ANO B TARDE ANUAL','Tarde',1,'Atendida'),
('JOAO GILBERTO SAMPAIO DR EMEF','1° ANO A TARDE ANUAL','Tarde',1,'Atendida'),
('JOAO GILBERTO SAMPAIO DR EMEF','6° ANO A TARDE ANUAL','Tarde',1,'Atendida'),
('JOAO RODRIGUES GUIAO DOUTOR','1° ANO A MANHA ANUAL','Manhã',2,'Pendência'),
('JOAO RODRIGUES GUIAO DOUTOR','1° ANO B MANHA ANUAL','Manhã',2,'Pendência'),
('JOAO RODRIGUES GUIAO DOUTOR','1° ANO D TARDE ANUAL','Tarde',1,'Pendência'),
('JOAO SPERANDIO DEPUTADO EMEI','2ª ETAPA PRÉ-ESCOLA A MANHA ANUAL','Manhã',1,'Atendida'),
('JORGE RODINI LUIZ PROFESSOR','1° ANO B MANHA ANUAL','Manhã',1,'Atendida'),
('JORGE RODINI LUIZ PROFESSOR','1° ANO C MANHA ANUAL','Manhã',1,'Atendida'),
('JORGE RODINI LUIZ PROFESSOR','1° ANO E TARDE ANUAL','Tarde',1,'Atendida'),
('JOSE BONIFACIO COUTINHO NOGUEIRA EMEI','2ª ETAPA PRÉ-ESCOLA A MANHA ANUAL','Manhã',1,'Pendência'),
('JOSE BONIFACIO COUTINHO NOGUEIRA EMEI','2ª ETAPA PRÉ-ESCOLA C TARDE ANUAL','Tarde',1,'Atendida'),
('JOSE BONIFACIO COUTINHO NOGUEIRA EMEI','1ª ETAPA PRÉ-ESCOLA A MANHA ANUAL','Manhã',1,'Pendência'),
('JOSE CARLOS SOBRAL DR EMEI','CICLO IV F INTEGRAL','Integral',1,'Pendência'),
('JOSE CARLOS SOBRAL DR EMEI','2ª ETAPA PRÉ-ESCOLA C INTEGRAL ANUAL','Integral',1,'Pendência'),
('JOSE CARLOS SOBRAL DR EMEI','2ª ETAPA PRÉ-ESCOLA E INTEGRAL ANUAL','Integral',1,'Pendência'),
('JOSE CARLOS SOBRAL DR EMEI','1ª ETAPA PRÉ-ESCOLA D INTEGRAL ANUAL','Integral',1,'Pendência'),
('JOSE DELIBO VEREADOR EMEF','1° ANO B TARDE ANUAL','Tarde',2,'Pendência'),
('JOSE DELIBO VEREADOR EMEF','1° ANO C TARDE ANUAL','Tarde',2,'Pendência'),
('JOSE DELIBO VEREADOR EMEF','9° ANO C TARDE','Tarde',1,'Pendência'),
('JOSE DELIBO VEREADOR EMEF','5° ANO A MANHA ANUAL','Manhã',1,'Atendida'),
('JOSE DELIBO VEREADOR EMEF','9° ANO B MANHA ANUAL','Manhã',1,'Atendida'),
('JOSE DELIBO VEREADOR EMEF','2° ANO A MANHA ANUAL','Manhã',1,'Atendida'),
('JOSE DELIBO VEREADOR EMEF','6° ANO A MANHA ANUAL','Manhã',1,'Atendida'),
('JOSE DELIBO VEREADOR EMEF','7° ANO A MANHA ANUAL','Manhã',1,'Atendida'),
('JOSE DELIBO VEREADOR EMEF','4° ANO A MANHA ANUAL','Manhã',1,'Atendida'),
('JOSE DELIBO VEREADOR EMEF','8° ANO B TARDE ANUAL','Tarde',1,'Pendência'),
('JOSE LIMA PEDREIRA DE FREITAS PROFESSORA','1° ANO B INTEGRAL 9H ANUAL','Integral',1,'Pendência'),
('JOSE PEDRO MOREIRA PROF EMEI','2ª ETAPA PRÉ-ESCOLA L TARDE ANUAL','Tarde',1,'Atendida'),
('JOSE PEDRO MOREIRA PROF EMEI','1ª ETAPA PRÉ-ESCOLA E MANHA ANUAL','Manhã',1,'Atendida'),
('JOSE PEDRO MOREIRA PROF EMEI','2ª ETAPA PRÉ-ESCOLA F MANHA ANUAL','Manhã',1,'Atendida'),
('JOSE PEDRO MOREIRA PROF EMEI','1ª ETAPA PRÉ-ESCOLA H TARDE ANUAL','Tarde',1,'Atendida'),
('JOSE RODINI LUIZ PROF EMEF','4° ANO A MANHA ANUAL','Manhã',2,'Pendência'),
('JOSE RODINI LUIZ PROF EMEF','4° ANO B TARDE ANUAL','Tarde',1,'Atendida'),
('JOSE RODINI LUIZ PROF EMEF','2° ANO A MANHA ANUAL','Manhã',1,'Pendência'),
('JOSE RODINI LUIZ PROF EMEF','6° ANO A MANHA ANUAL','Manhã',1,'Pendência'),
('JOSE RODINI LUIZ PROF EMEF','8° ANO A MANHA ANUAL','Manhã',1,'Pendência'),
('JOSE RODINI LUIZ PROF EMEF','9° ANO A MANHA ANUAL','Manhã',1,'Pendência'),
('JOSE RODINI LUIZ PROF EMEF','3° ANO B TARDE ANUAL','Tarde',1,'Atendida'),
('JOSE RODINI LUIZ PROF EMEF','9° ANO A MANHA','Manhã',1,'Pendência'),
('JULIETA FERNANDA SOUSA TARANTO','6° ANO A TARDE ANUAL','Tarde',1,'Pendência'),
('JULIO CESAR VOLTARELLI DR EMEF','1° ANO C TARDE ANUAL','Tarde',1,'Atendida'),
('JULIO CESAR VOLTARELLI DR EMEF','2° ANO C TARDE ANUAL','Tarde',2,'Atendida'),
('JULIO CESAR VOLTARELLI DR EMEF','2° ANO B MANHA ANUAL','Manhã',2,'Pendência'),
('JULIO CESAR VOLTARELLI DR EMEF','2° ANO A MANHA ANUAL','Manhã',2,'Pendência'),
('JULIO CESAR VOLTARELLI DR EMEF','2° ANO E TARDE ANUAL','Tarde',2,'Atendida'),
('JULIO CESAR VOLTARELLI DR EMEF','5° ANO B MANHA ANUAL','Manhã',1,'Pendência'),
('JULIO CESAR VOLTARELLI DR EMEF','3° ANO B MANHA ANUAL','Manhã',2,'Pendência'),
('JULIO CESAR VOLTARELLI DR EMEF','4° ANO D TARDE ANUAL','Tarde',1,'Atendida'),
('JULIO CESAR VOLTARELLI DR EMEF','4° ANO B MANHA ANUAL','Manhã',1,'Pendência'),
('JULIO CESAR VOLTARELLI DR EMEF','3° ANO A MANHA ANUAL','Manhã',1,'Pendência'),
('KINDERSPIEL COLEGIO','2° ANO A TARDE ANUAL','Tarde',1,'Fora da rede municipal'),
('LILIAN SPADARO ROSA E SILVA PROFA EMEI','MATERNAL 2 C  INTEGRAL ANUAL','Integral',1,'Pendência'),
('LILIAN SPADARO ROSA E SILVA PROFA EMEI','ETAPA I B MANHÃ ANUAL','Manhã',1,'Pendência'),
('LILIAN SPADARO ROSA E SILVA PROFA EMEI','2ª ETAPA PRÉ-ESCOLA B MANHA ANUAL','Manhã',1,'Pendência'),
('LUIS AMARAL MOUSINHO DOM EMEF','4° ANO A MANHA ANUAL','Manhã',1,'Atendida'),
('LUIS AMARAL MOUSINHO DOM EMEF','9º ANO A MANHÃ','Manhã',1,'Atendida'),
('LUIS AMARAL MOUSINHO DOM EMEF','9° ANO A MANHA ANUAL','Manhã',1,'Atendida'),
('LUIS AMARAL MOUSINHO DOM EMEF','4° ANO B MANHA ANUAL','Manhã',2,'Atendida'),
('LUIS AMARAL MOUSINHO DOM EMEF','2° ANO A MANHA ANUAL','Manhã',1,'Atendida'),
('LUIS AMARAL MOUSINHO DOM EMEF','3° ANO A MANHA ANUAL','Manhã',1,'Atendida'),
('LUIS AMARAL MOUSINHO DOM EMEF','5° ANO A MANHA ANUAL','Manhã',1,'Atendida'),
('MARIA APPARECIDA BORGES DE OLIVEIRA BONINI EMEI','MATERNAL II D TARDE','Tarde',1,'Atendida'),
('MARIA APPARECIDA BORGES DE OLIVEIRA BONINI EMEI','ETAPA I G - TARDE','Tarde',1,'Atendida'),
('MARIA APPARECIDA BORGES DE OLIVEIRA BONINI PROFA EMEI','1ª ETAPA PRÉ-ESCOLA D MANHA ANUAL','Manhã',1,'Atendida'),
('MARIA HELENA BRAGA MONTE SERRAT DOUTORA EMEI','2ª ETAPA PRÉ-ESCOLA B INTEGRAL ANUAL','Integral',1,'Atendida'),
('MARIA HELENA BRAGA MONTE SERRAT DOUTORA EMEI','2ª ETAPA PRÉ-ESCOLA C MANHA ANUAL','Manhã',1,'Atendida'),
('MARIA IGNEZ LOPES ROSSI PROFA EMEF','1° ANO B TARDE ANUAL','Tarde',1,'Pendência'),
('MARIA IGNEZ LOPES ROSSI PROFA EMEF','1° ANO A TARDE ANUAL','Tarde',1,'Pendência'),
('MARIA IGNEZ LOPES ROSSI PROFA EMEF','9° ANO B MANHA ANUAL','Manhã',1,'Atendida'),
('MARIA IGNEZ LOPES ROSSI PROFA EMEF','4° ANO B TARDE ANUAL','Tarde',1,'Pendência'),
('MARIA IGNEZ LOPES ROSSI PROFA EMEF','4° ANO A TARDE ANUAL','Tarde',1,'Pendência'),
('MARIA IGNEZ LOPES ROSSI PROFA EMEF','2° ANO A TARDE ANUAL','Tarde',1,'Pendência'),
('MARIA IGNEZ LOPES ROSSI PROFA EMEF','2° ANO B TARDE ANUAL','Tarde',1,'Pendência'),
('MARIA IGNEZ LOPES ROSSI PROFA EMEF','6° ANO B MANHA ANUAL','Manhã',1,'Atendida'),
('MARIA INES VIEIRA MACHADO EMEF','ETAPA II A INTEGRAL','Integral',1,'Pendência'),
('MARIA INES VIEIRA MACHADO EMEF','1° ANO A MANHA ANUAL','Manhã',1,'Atendida'),
('MARIA INES VIEIRA MACHADO EMEF','3° ANO A MANHA ANUAL','Manhã',2,'Atendida'),
('MARIA INES VIEIRA MACHADO EMEF','4° ANO E TARDE ANUAL','Tarde',1,'Pendência'),
('MARIA INES VIEIRA MACHADO EMEF','3° ANO C TARDE ANUAL','Tarde',1,'Pendência'),
('MARIA INES VIEIRA MACHADO EMEF','4° ANO F TARDE ANUAL','Tarde',1,'Pendência'),
('MARISTA IR RUI LEOPOLDO DEPINE CENTRO EDUCACIONAL','1° ANO A TARDE ANUAL','Tarde',3,'Fora da rede municipal'),
('MARLENE JORGE DOS REIS PROFA EMEI','MATERNAL 2 B MANHA ANUAL','Manhã',1,'Pendência'),
('MARLENE JORGE DOS REIS PROFA EMEI','1ª ETAPA PRÉ-ESCOLA E MANHA ANUAL','Manhã',1,'Pendência'),
('MARLENE JORGE DOS REIS PROFA EMEI','1ª ETAPA PRÉ-ESCOLA H TARDE ANUAL','Tarde',1,'Pendência'),
('MARLENE JORGE DOS REIS PROFA EMEI','2ª ETAPA PRÉ-ESCOLA D MANHA ANUAL','Manhã',1,'Pendência'),
('MARLENE JORGE DOS REIS PROFA EMEI','2ª ETAPA PRÉ-ESCOLA C MANHA ANUAL','Manhã',1,'Pendência'),
('MARLENE JORGE DOS REIS PROFA EMEI','1ª ETAPA PRÉ-ESCOLA F TARDE ANUAL','Tarde',1,'Pendência'),
('MARLENE JORGE DOS REIS PROFA EMEI','1ª ETAPA PRÉ-ESCOLA E MANHA  ANUAL','Manhã',1,'Pendência'),
('METROPOLITANA ESCOLA','1° ANO B TARDE ANUAL','Tarde',1,'Fora da rede municipal'),
('MIGUEL MUSSI PROF EMEI','1ª ETAPA PRÉ-ESCOLA B MANHA ANUAL','Manhã',1,'Pendência'),
('MIGUEL MUSSI PROF EMEI','2ª ETAPA PRÉ-ESCOLA A MANHA ANUAL','Manhã',1,'Pendência'),
('MIGUEL MUSSI PROF EMEI','EATAPA II B MANHÃ','Manhã',1,'Pendência'),
('MIGUEL MUSSI PROF EMEI','ETAPA II B - MANHÃ','Manhã',1,'Pendência'),
('MIGUEL MUSSI PROF EMEI','ETAPA II A - MANHÃ','Manhã',1,'Pendência'),
('MOACIR FIRMINO EMEI','1ª ETAPA PRÉ-ESCOLA B MANHA ANUAL','Manhã',1,'Atendida'),
('MOACIR FIRMINO EMEI','2ª ETAPA PRÉ-ESCOLA C TARDE ANUAL','Tarde',1,'Atendida'),
('MOACIR FIRMINO EMEI','1ª ETAPA PRÉ-ESCOLA A MANHA ANUAL','Manhã',1,'Atendida'),
('MOACIR FIRMINO EMEI','2ª ETAPA PRÉ-ESCOLA A MANHA ANUAL','Manhã',1,'Atendida'),
('NARCISO NICOLODI IRMAO EMEI','2ª ETAPA PRÉ-ESCOLA A MANHA ANUAL','Manhã',2,'Atendida'),
('NEIDE APARECIDA GOLFETTO DE CASTRO PROFA EMEI','ETAPA I C MANHÃ','Manhã',1,'Pendência'),
('NEIDE APARECIDA GOLFETTO DE CASTRO PROFA EMEI','2ª ETAPA PRÉ-ESCOLA E TARDE ANUAL','Tarde',1,'Atendida'),
('NEIDE APARECIDA GOLFETTO DE CASTRO PROFA EMEI','2ª ETAPA PRÉ-ESCOLA A MANHA ANUAL','Manhã',1,'Pendência'),
('NEIDE APPARECIDA GOLFETTO DE CASTRO EMEI','2ª ETAPA PRÉ-ESCOLA B MANHA ANUAL','Manhã',1,'Atendida'),
('NELSON MACHADO EMEF','9º ANO C TARDE','Tarde',1,'Atendida'),
('NELSON MACHADO EMEF','9° ANO D MANHA ANUAL','Manhã',1,'Atendida'),
('NELSON MACHADO EMEF','4° ANO B TARDE ANUAL','Tarde',1,'Atendida'),
('NELSON MACHADO EMEF','2° ANO B TARDE ANUAL','Tarde',1,'Atendida'),
('NELSON MACHADO EMEF','3° ANO B TARDE ANUAL','Tarde',1,'Atendida'),
('NELSON MACHADO EMEF','1° ANO B TARDE ANUAL','Tarde',2,'Atendida'),
('NEUZA MICHELUTTI MARZOLA PROFA EMEF','1° ANO B TARDE ANUAL','Tarde',1,'Atendida'),
('NEUZA MICHELUTTI MARZOLA PROFA EMEF','1° ANO A MANHA ANUAL','Manhã',1,'Pendência'),
('NEUZA MICHELUTTI MARZOLA PROFA EMEF','2° ANO A MANHA ANUAL','Manhã',2,'Pendência'),
('NEUZA MICHELUTTI MARZOLA PROFA EMEF','1° ANO C TARDE ANUAL','Tarde',1,'Atendida'),
('NEUZA MICHELUTTI MARZOLA PROFA EMEF','7° ANO B TARDE ANUAL','Tarde',1,'Atendida'),
('NEUZA MICHELUTTI MARZOLA PROFA EMEF','6° ANO B MANHA ANUAL','Manhã',1,'Pendência'),
('NEUZA MICHELUTTI MARZOLA PROFA EMEF','8° ANO B MANHA ANUAL','Manhã',1,'Pendência'),
('NEUZA MICHELUTTI MARZOLA PROFA EMEF','4° ANO B MANHA ANUAL','Manhã',2,'Pendência'),
('NEUZA MICHELUTTI MARZOLA PROFA EMEF','8° ANO A MANHA ANUAL','Manhã',1,'Pendência'),
('NEUZA MICHELUTTI MARZOLA PROFA EMEF','2° ANO D TARDE ANUAL','Tarde',1,'Atendida'),
('NEUZA MICHELUTTI MARZOLA PROFA EMEF','3° ANO A MANHA ANUAL','Manhã',1,'Pendência'),
('NEUZA MICHELUTTI MARZOLA PROFA EMEF','6° ANO C TARDE ANUAL','Tarde',1,'Atendida'),
('NEUZA MICHELUTTI MARZOLA PROFA EMEF','1º ANO C TARDE','Tarde',1,'Atendida'),
('NICOLAU DINAMARCO SPINELLI DR EMEI','2ª ETAPA PRÉ-ESCOLA B MANHA ANUAL','Manhã',1,'Atendida'),
('PAULO FREIRE PROF EMEF','4° ANO A MANHA ANUAL','Manhã',1,'Atendida'),
('PAULO FREIRE PROF EMEF','5° ANO A MANHA ANUAL','Manhã',2,'Atendida'),
('PAULO FREIRE PROF EMEF','6° ANO B TARDE ANUAL','Tarde',1,'Atendida'),
('PAULO FREIRE PROF EMEF','8° ANO A MANHA ANUAL','Manhã',1,'Atendida'),
('PAULO FREIRE PROF EMEF','2° ANO C TARDE ANUAL','Tarde',1,'Atendida'),
('PAULO FREIRE PROF EMEF','2° ANO D TARDE ANUAL','Tarde',1,'Atendida'),
('PAULO FREIRE PROF EMEF','7° ANO A MANHA ANUAL','Manhã',1,'Atendida'),
('PAULO FREIRE PROF EMEF','2° ANO A MANHA ANUAL','Manhã',1,'Atendida'),
('PAULO FREIRE PROF EMEF','3° ANO A MANHA ANUAL','Manhã',1,'Atendida'),
('PAULO FREIRE PROF EMEF','7° ANO C TARDE ANUAL','Tarde',1,'Atendida'),
('PAULO FREIRE PROF EMEF','7° ANO B MANHA ANUAL','Manhã',1,'Atendida'),
('PAULO HENRIQUE DE SOUZA EMEI','2ª ETAPA PRÉ-ESCOLA B INTEGRAL ANUAL','Integral',1,'Atendida'),
('PAULO MONTE SERRAT FILHO PROF DR EMEF','1° ANO A MANHA ANUAL','Manhã',2,'Pendência'),
('PAULO MONTE SERRAT FILHO PROF DR EMEF','1° ANO C TARDE ANUAL','Tarde',1,'Pendência'),
('PAULO MONTE SERRAT FILHO PROF DR EMEF','6° ANO C TARDE ANUAL','Tarde',1,'Pendência'),
('PAULO MONTE SERRAT FILHO PROF DR EMEF','5° ANO C TARDE ANUAL','Tarde',1,'Pendência'),
('PAULO MONTE SERRAT FILHO PROF DR EMEF','2° ANO A MANHA ANUAL','Manhã',3,'Pendência'),
('PAULO MONTE SERRAT FILHO PROF DR EMEF','3° ANO C TARDE ANUAL','Tarde',3,'Pendência'),
('PAULO MONTE SERRAT FILHO PROF DR EMEF','5° ANO A MANHA ANUAL','Manhã',1,'Pendência'),
('PAULO MONTE SERRAT FILHO PROF DR EMEF','4° ANO B MANHA ANUAL','Manhã',1,'Pendência'),
('PAULO MONTE SERRAT FILHO PROF DR EMEF','9° ANO B MANHA ANUAL','Manhã',1,'Pendência'),
('PAULO MONTE SERRAT FILHO PROF DR EMEF','2° ANO B MANHA ANUAL','Manhã',1,'Pendência'),
('PAULO MONTE SERRAT FILHO PROF DR EMEF','6° ANO B TARDE ANUAL','Tarde',1,'Pendência'),
('PAULO MONTE SERRAT FILHO PROF DR EMEF','9° ANO A MANHA ANUAL','Manhã',1,'Pendência'),
('PAULO MONTE SERRAT FILHO PROF DR EMEF','3° ANO A MANHA ANUAL','Manhã',1,'Pendência'),
('PAULO MONTE SERRAT FILHO PROF DR EMEF','2º ANO C - TARDE','Tarde',1,'Pendência'),
('RAUL MACHADO PROF EMEF','3º ANO B MANHÃ','Manhã',1,'Pendência'),
('RAUL MACHADO PROF EMEF','1° ANO B MANHA ANUAL','Manhã',1,'Pendência'),
('RAUL MACHADO PROF EMEF','2° ANO E TARDE ANUAL','Tarde',1,'Pendência'),
('RAUL MACHADO PROF EMEF','3° ANO C TARDE ANUAL','Tarde',1,'Pendência'),
('RAUL MACHADO PROF EMEF','3° ANO E TARDE ANUAL','Tarde',2,'Pendência'),
('RAUL MACHADO PROF EMEF','5° ANO D TARDE ANUAL','Tarde',1,'Pendência'),
('RAUL MACHADO PROF EMEF','2° ANO C MANHA ANUAL','Manhã',1,'Pendência'),
('RAUL MACHADO PROF EMEF','4° ANO A MANHA ANUAL','Manhã',1,'Pendência'),
('RAUL MACHADO PROF EMEF','3° ANO B MANHA ANUAL','Manhã',2,'Pendência'),
('RAUL MACHADO PROF EMEF','4° ANO D TARDE ANUAL','Tarde',1,'Pendência'),
('RAUL MACHADO PROF EMEF','4° ANO B MANHA ANUAL','Manhã',1,'Pendência'),
('RAUL MACHADO PROF EMEF','5° ANO B MANHA ANUAL','Manhã',2,'Pendência'),
('RAUL MACHADO PROF EMEF','3° ANO D TARDE ANUAL','Tarde',1,'Pendência'),
('RAUL MACHADO PROF EMEF','2° ANO D TARDE ANUAL','Tarde',1,'Pendência'),
('RAUL MACHADO PROF EMEF','1º ANO E TARDE','Tarde',1,'Pendência'),
('RAUL MACHADO PROF EMEF','1º ANO C - MANHÃ','Manhã',1,'Pendência'),
('PEDRO DE OLIVEIRA SANTOS EMEI','2ª ETAPA PRÉ-ESCOLA B MANHA ANUAL','Manhã',1,'Pendência'),
('PROFESSOR LAURO BIGÉLLI','1° ANO B TARDE ANUAL','Tarde',1,'Pendência'),
('PROFESSOR LAURO BIGÉLLI','1º ANO A MANHA ANUAL','Manhã',1,'Pendência'),
('ROBERTO AFONSO PONTES EMEI','1ª ETAPA PRÉ-ESCOLA C TARDE ANUAL','Tarde',1,'Pendência'),
('ROBERTO AFONSO PONTES EMEI','ETAPA II E TARDE','Tarde',1,'Pendência'),
('RUY ESCOREL FERREIRA SANTOS DR EMEI','2ª ETAPA PRÉ-ESCOLA D INTEGRAL ANUAL','Integral',1,'Atendida'),
('RUY ESCOREL FERREIRA SANTOS DR EMEI','2ª ETAPA PRÉ-ESCOLA A INTEGRAL ANUAL','Integral',1,'Atendida'),
('SALVADOR MARTURANO PROF EMEF','2° ANO D TARDE ANUAL','Tarde',2,'Pendência'),
('SALVADOR MARTURANO PROF EMEF','4° ANO C MANHA ANUAL','Manhã',1,'Pendência'),
('SALVADOR MARTURANO PROF EMEF','1° ANO D TARDE ANUAL','Tarde',1,'Pendência'),
('SALVADOR MARTURANO PROF EMEF','1° ANO C MANHA ANUAL','Manhã',1,'Pendência'),
('SALVADOR MARTURANO PROF EMEF','4° ANO F TARDE ANUAL','Tarde',1,'Pendência'),
('SALVADOR MARTURANO PROF EMEF','4° ANO B MANHA ANUAL','Manhã',1,'Pendência'),
('SALVADOR MARTURANO PROF EMEF','2° ANO A MANHA ANUAL','Manhã',1,'Pendência'),
('SALVADOR MARTURANO PROF EMEF','5° ANO D TARDE ANUAL','Tarde',1,'Pendência'),
('SALVADOR MARTURANO PROF EMEF','2° ANO C TARDE ANUAL','Tarde',1,'Pendência'),
('SALVADOR MARTURANO PROF EMEF','2° ANO B MANHA ANUAL','Manhã',1,'Pendência'),
('SALVADOR MARTURANO PROF EMEF','5° ANO E TARDE ANUAL','Tarde',1,'Pendência'),
('SANTA MARIA GORETTI EMEI','2ª ETAPA PRÉ-ESCOLA B MANHA ANUAL','Manhã',1,'Atendida'),
('SANTA MARIA GORETTI EMEI','2ª ETAPA PRÉ-ESCOLA E TARDE ANUAL','Tarde',2,'Atendida'),
('SEBASTIAO DE AGUIAR AZEVEDO I EMEF','1° ANO E TARDE ANUAL','Tarde',2,'Pendência'),
('SEBASTIAO DE AGUIAR AZEVEDO I EMEF','1° ANO A MANHA ANUAL','Manhã',1,'Pendência'),
('SEBASTIAO DE AGUIAR AZEVEDO I EMEF','1° ANO C MANHA ANUAL','Manhã',1,'Pendência'),
('SEBASTIAO DE AGUIAR AZEVEDO I EMEF','4º ANO A TARDE ANUAL','Tarde',1,'Pendência'),
('SEBASTIAO DE AGUIAR AZEVEDO I EMEF','4° ANO A MANHA ANUAL','Manhã',1,'Pendência'),
('SEBASTIAO DE AGUIAR AZEVEDO I EMEF','2° ANO A MANHA ANUAL','Manhã',1,'Pendência'),
('SEBASTIAO DE AGUIAR AZEVEDO I EMEF','3° ANO E TARDE ANUAL','Tarde',1,'Pendência'),
('SEBASTIAO DE AGUIAR AZEVEDO I EMEF','4° ANO D TARDE ANUAL','Tarde',2,'Pendência'),
('SEBASTIAO DE AGUIAR AZEVEDO I EMEF','2º ANO C TARDE ANUAL','Tarde',2,'Pendência'),
('SEBASTIAO DE AGUIAR AZEVEDO I EMEF','3° ANO B MANHA ANUAL','Manhã',1,'Pendência'),
('SEBASTIAO DE AGUIAR AZEVEDO I EMEF','1° ANO B TARDE ANUAL','Tarde',1,'Pendência'),
('SEBASTIÃO DE AGUIAR AZEVEDO I EMEF','4° ANO C TARDE ANUAL','Tarde',1,'Atendida'),
('SEBASTIÃO DE AGUIAR AZEVEDO I EMEF','2° ANO F TARDE ANUAL','Tarde',1,'Atendida'),
('SEBASTIAO DE AGUIAR AZEVEDO UNIDADE II EMEF','6° ANO E TARDE ANUAL','Tarde',2,'Fora da rede municipal'),
('SEBASTIAO DE AGUIAR AZEVEDO UNIDADE II EMEF','6° ANO D TARDE ANUAL','Tarde',1,'Fora da rede municipal'),
('SEBASTIAO DE AGUIAR AZEVEDO UNIDADE II EMEF','8° ANO D MANHA ANUAL','Manhã',2,'Fora da rede municipal'),
('SEBASTIAO DE AGUIAR AZEVEDO UNIDADE II EMEF','9° ANO B MANHA ANUAL','Manhã',1,'Fora da rede municipal'),
('SÓCRATES BRASILEIRO','1º ANO A TARDE','Tarde',1,'Pendência'),
('TERESA HENDRICA ANTONISSEN EMEI','2ª ETAPA PRÉ-ESCOLA A MANHA ANUAL','Manhã',1,'Pendência'),
('TERESA HENDRICA ANTONISSEN EMEI','1ª ETAPA PRÉ-ESCOLA E TARDE ANUAL','Tarde',1,'Atendida'),
('TERESA HENDRICA ANTONISSEN EMEI','2ª ETAPA PRÉ-ESCOLA C MANHA ANUAL','Manhã',1,'Pendência'),
('TERESA HENDRICA ANTONISSEN EMEI','MATERNAL 2 G INTEGRAL  ANUAL','Integral',1,'Pendência'),
('TERESA HENDRICA ANTONISSEN EMEI','MATERNAL II B INTEGRAL','Integral',1,'Pendência'),
('VEIGA DE MIRANDA MINISTRO','1º ANO A MANHA ANUAL','Manhã',1,'Pendência'),
('VEIGA DE MIRANDA MINISTRO','1º ANO B TARDE ANUAL','Tarde',1,'Pendência'),
('VINTE E CINCO DE DEZEMBRO LAR ESCOLA DA CRIANCA','MATERNAL 2 G INTEGRAL ANUAL','Integral',1,'Pendência'),
('VIRGILIO SALATA EMEF','2° ANO D TARDE ANUAL','Tarde',1,'Pendência'),
('VIRGILIO SALATA EMEF','2° ANO A MANHA ANUAL','Manhã',2,'Atendida'),
('VIRGILIO SALATA EMEF','1° ANO B TARDE ANUAL','Tarde',1,'Pendência'),
('VIRGILIO SALATA EMEF','1° ANO E TARDE ANUAL','Tarde',2,'Pendência'),
('VIRGILIO SALATA EMEF','4° ANO D TARDE ANUAL','Tarde',1,'Pendência'),
('VIRGILIO SALATA EMEF','6º ANO B TARDE ANUAL','Tarde',1,'Pendência'),
('VIRGILIO SALATA EMEF','3º ANO A MANHÃ ANUAL','Manhã',2,'Atendida'),
('VIRGILIO SALATA EMEF','3º ANO C TARDE ANUAL','Tarde',1,'Pendência'),
('VIRGILIO SALATA EMEF','4º ANO B MANHÃ ANUAL','Manhã',1,'Atendida'),
('VIRGILIO SALATA EMEF','4º ANO C TARDE ANUAL','Tarde',1,'Pendência'),
('VIRGILIO SALATA EMEF','5º ANO C TARDE ANUAL','Tarde',1,'Pendência'),
('VIRGILIO SALATA EMEF','2º ANO A MANHÃ ANUAL','Manhã',1,'Atendida'),
('VIRGILIO SALATA EMEF','5º ANO D TARDE ANUAL','Tarde',1,'Pendência'),
('VIRGILIO SALATA EMEF','4º ANO D TARDE ANUAL','Tarde',1,'Pendência'),
('VIRGILIO SALATA EMEF','9º ANO B MANHÃ ANUAL','Manhã',2,'Atendida'),
('VIRGILIO SALATA EMEF','7º ANO B MANHÃ ANUAL','Manhã',1,'Atendida'),
('VIRGILIO SALATA EMEF','8º ANO C MANHÃ ANUAL','Manhã',1,'Atendida'),
('VIRGILIO SALATA EMEF','6° ANO A MANHA ANUAL','Manhã',1,'Atendida'),
('VIRGILIO SALATA EMEF','3° ANO A MANHA ANUAL','Manhã',1,'Atendida'),
('VITOR YOUSSEF DARKOUBI CEI','MATERNAL I F INTEGRAL','Integral',1,'Pendência'),
('WALDEMAR ROBERTO PROFESSOR DOUTOR EMEF','3° ANO B MANHÃ ANUAL','Manhã',1,'Atendida'),
('WALDEMAR ROBERTO PROFESSOR DOUTOR EMEF','4° ANO B MANHA ANUAL','Manhã',1,'Atendida'),
('WALDEMAR ROBERTO PROFESSOR DOUTOR EMEF','6° ANO A MANHA ANUAL','Manhã',1,'Atendida'),
('WALDEMAR ROBERTO PROFESSOR DOUTOR EMEF','2º ANO A MANHÃ','Manhã',1,'Atendida'),
('WANDA PRINCIVALLI MARCAL EMEI','2ª ETAPA PRÉ-ESCOLA E TARDE ANUAL','Tarde',1,'Pendência'),
('WANDA PRINCIVALLI MARCAL EMEI','2ª ETAPA PRÉ-ESCOLA C MANHA ANUAL','Manhã',2,'Pendência'),
('WANDA PRINCIVALLI MARCAL EMEI','2ª ETAPA PRÉ-ESCOLA A MANHA ANUAL','Manhã',1,'Pendência'),
('WANDA PRINCIVALLI MARCAL EMEI','2ª ETAPA PRÉ-ESCOLA B MANHA ANUAL','Manhã',1,'Pendência'),
('WANDA PRINCIVALLI MARCAL EMEI','2ª ETAPA PRÉ-ESCOLA D TARDE ANUAL','Tarde',1,'Pendência'),
('WANDA PRINCIVALLI MARCAL EMEI','2ª ETAPA PRÉ-ESCOLA G TARDE ANUAL','Tarde',1,'Pendência'),
('WILSON ROSELINO DR EMEI','2ª ETAPA A INTEGRAL ANUAL','Integral',1,'Pendência'),
('','','-',17,'Atendida'),
('SEBASTIAO DE AGUIAR AZEVEDO EMEF','1º ANO C MANHA','Manhã',1,'Atendida'),
('EPONINA DE BRITTO ROSSETO EMEF','3º ANO A TARDE','Tarde',1,'Atendida'),
('JOÃO DA CRUZ MOREIRA CEI','MATERNAL 2 A - INTEGRAL','Integral',1,'Pendência'),
('JOSE PEDRO MOREIRA EMEI','ETAPA I K TARDE','Tarde',1,'Atendida'),
('LUIS DO AMARAL MOUSINHO EMEF','3º ANO D TARDE','Tarde',3,'Atendida'),
('MODELO MARINCEK CEI','MATERNAL II G - INTEGRAL','Integral',1,'Pendência'),
('LEONOR MERTÍLIA COSTA CEI','MATERNAL II E - INTEGRAL','Integral',1,'Pendência'),
('MARIA HELENA BRAGA MONTE SERRAT EMEI','ETAPA 2 C - MANHÃ','Manhã',1,'Atendida'),
('DOUTOR JOSÉ ROBERTO FELICIO EMEI','ETAPA I B - MANHÃ','Manhã',1,'Atendida'),
('ELISA DUBOC GARCIA EMEF','8º ANO C TARDE','Tarde',1,'Atendida'),
('HILDA MOSCA EMEI','MATERNAL 2 F - INTEGRAL','Integral',1,'Atendida'),
('RAUL MACHADO EMEF','1º ANO E - TARDE','Tarde',1,'Atendida');
INSERT INTO ee_liminar_aluno (aluno,ra,escola,turma,periodo,deficiencia) VALUES
('GUILHERME MATTOS DE JESUS SILVA','125626314','ADRIANA COUTINHO BRANDANI CAMILO EMEI','MATERNAL 2 B INTEGRAL ANUAL','Integral','TEA'),
('VALTER ROJAS FIGUEIREDO CARDOSO','123333294','ALBERT EINSTEIN EMEI','2ª ETAPA PRÉ-ESCOLA E TARDE ANUAL','Tarde','TEA'),
('THIAGO CARVALHO DOS SANTOS','122609874','ALBERTO FERRIANI PROFESSOR','1° ANO A MANHA ANUAL','Manhã','TEA'),
('LUCAS BRENO BORGES ABREU','120047428','ALCINA DOS SANTOS HECK EMEF','4°ANO A/TARDE','Tarde','TEA'),
('SAMUEL BORGES FERREIRA','124958964','ALCINA DOS SANTOS HECK EMEF','4° ANO B TARDE ANUAL','Tarde','TEA'),
('THEO PAVANELI COSTA','122573015','ALCINA DOS SANTOS HECK EMEF','2° ANO B TARDE ANUAL','Tarde','TEA/DI'),
('ARTUR MELO DOS REIS','120053137','ALCINA DOS SANTOS HECK EMEF','5° ANO A MANHA ANUAL','Manhã','TEA'),
('PEDRO TANIGUTI','120061534','ALCINA DOS SANTOS HECK EMEF','6° ANO B MANHA ANUAL','Manhã','TEA INTELECTUAL'),
('YAGO TEODORO FERREIRA DE PAULA','114311969','ALCINA DOS SANTOS HECK EMEF','7° ANO A MANHA','Manhã','TEA'),
('LARISSA BORGES FERREIRA','125146936','ALCINA DOS SANTOS HECK EMEF','1° ANO A TARDE ANUAL','Tarde','DI / TEA - NIVEL 3'),
('GAEL CHAVES SOUZA','126053252','ALFEU LUIZ GASPARINI PROFESSOR EMEF','2° ANO E TARDE ANUAL','Tarde','TEA - NIVEL 3'),
('EMANUELA SANTOS DE OLIVEIRA','123519490','ALFEU LUIZ GASPARINI PROFESSOR EMEF','1º ANO E TARDE','Tarde','TEA - NIVEL 2'),
('GABRIEL FERREIRA CAVALCANTI','116116824','ALFEU LUIZ GASPARINI PROFESSOR EMEF','6° ANO D TARDE ANUAL','Tarde','DI / TEA - NIVEL 3'),
('MOISES VIEIRA SANTOS DE SENA','122831370','ALFEU LUIZ GASPARINI PROFESSOR EMEF','2° ANO F TARDE ANUAL','Tarde','DI / TEA - NIVEL 3'),
('ARTHUR ROCHA CAMILO','120428705','ALFEU LUIZ GASPARINI PROFESSOR EMEF','6° ANO A MANHA ANUAL','Manhã','TEA - NIVEL 2'),
('EDGAR REINALDO PRANDINI JÚNIOR','116368301','ALFEU LUIZ GASPARINI PROFESSOR EMEF','4° ANO A MANHA ANUAL','Manhã','SINDROME DE DOWN'),
('GUSTAVO LUIS PEREIRA DA SILVA','114179428','ALFEU LUIZ GASPARINI PROFESSOR EMEF','7° ANO A MANHA ANUAL','Manhã','TEA - NIVEL 1'),
('JOÃO GUILHERME RODRIGUES DE OLIVEIRA','120869925','ALFEU LUIZ GASPARINI PROFESSOR EMEF','3° ANO A MANHA ANUAL','Manhã','DI / TEA'),
('JOAQUIM DE CAMARGO CARDOSO','122468660','ALFEU LUIZ GASPARINI PROFESSOR EMEF','2° ANO C MANHA ANUAL','Manhã','DI/TEA - NIVEL 2'),
('LUIS GUSTAVO DA SILVA DE ANDRADE','122396438','ALFEU LUIZ GASPARINI PROFESSOR EMEF','2° ANO A MANHA ANUAL','Manhã','DI/TEA - NIVEL 2'),
('LUIZ GUSTAVO DA SILVA MAXIMO','121570813','ALFEU LUIZ GASPARINI PROFESSOR EMEF','2° ANO A MANHA ANUAL','Manhã','DI/TEA - NIVEL 2'),
('MARIA VICTORIA NEVES DA SILVA','114559173','ALFEU LUIZ GASPARINI PROFESSOR EMEF','7° ANO D TARDE ANUAL','Tarde','TEA'),
('MELISSA ROBERTA SILVA','121280918','ALFEU LUIZ GASPARINI PROFESSOR EMEF','5° ANO A MANHA ANUAL','Manhã','SINDROME DE DOWN'),
('MIGUEL DANDARO EMIDIO','120014462','ALFEU LUIZ GASPARINI PROFESSOR EMEF','3° ANO C TARDE ANUAL','Tarde','TEA - SEM CADASTRO DE NIVEL'),
('MIGUEL FERREIRA CAMPOS','120874580','ALFEU LUIZ GASPARINI PROFESSOR EMEF','4° ANO B MANHA ANUAL','Manhã','TEA'),
('GUILHERME ELIAS DE PAULA NUNES ALENCAR','115408367','ALFEU LUIZ GASPARINI PROFESSOR EMEF','8° ANO C TARDE ANUAL','Tarde','TEA INTELECTUAL'),
('BENJAMIN ENZO FERREIRA BARBOSA','122804465','ALFEU LUIZ GASPARINI PROFESSOR EMEF','1° ANO A MANHA ANUAL','Manhã','TEA - NIVEL 3'),
('EMANUELLY VITÓRIA FERNANDES BENTO','120077560','ALFEU LUIZ GASPARINI PROFESSOR EMEF','6° ANO D TARDE ANUAL','Tarde','DI / TEA - NIVEL 2'),
('MARINA ARAUJO DOS ANJOS COSTA','114335202','ALFEU LUIZ GASPARINI PROFESSOR EMEF','6° ANO C MANHA ANUAL','Manhã','INTELECTUAL'),
('BRYAN CICILINI DE OLIVEIRA','122834157','ALFEU LUIZ GASPARINI PROFESSOR EMEF','2º ANO B MANHA ANUAL','Manhã','TEA - NIVEL 3'),
('THÉO NASCIMENTO DOS SANTOS','123331469','ALOIZIO OLAIA PASCHOAL EMEI','2ª ETAPA PRÉ-ESCOLA B INTEGRAL ANUAL','Integral','DI / TEA - NIVEL 2'),
('LUIZ HENRIQUE ZAROTI RAMALHO','125108721','AMELIA JUNQUEIRA EMEI','2ª ETAPA PRÉ-ESCOLA B MANHA ANUAL','Manhã','TEA - NIVEL 2'),
('MARIA EDUARDA RIBEIRO FERNANDES','124945946','AMELIA JUNQUEIRA EMEI','1ª ETAPA PRÉ-ESCOLA E TARDE ANUAL','Tarde','TEA - NIVEL 2'),
('ANTONY AUGUSTO SILVA BARRA','124139211','ALPHEU DOMINIGUETTI PROFESSOR','1° ANO A TARDE ANUAL','Tarde','MULTIPLA FISICA CADEIRANTE / DI'),
('HEITOR HENRIQUE ANTONIO FREITAS','123886162','ALPHEU DOMINIGUETTI PROFESSOR','1° ANO A TARDE ANUAL','Tarde','SINDROME DE DOWN'),
('JOAQUIM SOUZA MARTIN','124902924','AMELIA JUNQUEIRA EMEI','2ª ETAPA PRÉ-ESCOLA D TARDE ANUAL','Tarde','TEA - NIVEL 3'),
('ANTHONY CAVALCANTE AGUIAR','124663389','AMELIA SOFIA RODRIGUES DA COSTA EMEI','1ª ETAPA PRÉ-ESCOLA A MANHA ANUAL','Manhã','DI / TEA - NIVEL 3'),
('LUCCA FIDELLES DE CASTRO SILVA','124559312','AMELIA SOFIA RODRIGUES DA COSTA EMEI','2ª ETAPA PRÉ-ESCOLA B TARDE ANUAL','Tarde','TEA - NIVEL 3'),
('RAFAEL SANTIAGO DO PRADO','123320003','AMELIA SOFIA RODRIGUES DA COSTA EMEI','2ª ETAPA PRÉ-ESCOLA B TARDE ANUAL','Tarde','TEA - NIVEL 2'),
('MARIA JÚLIA MARTINS DOMINGOS','122511106','AMELIA SOFIA RODRIGUES DA COSTA EMEI','2ª ETAPA PRÉ-ESCOLA B TARDE ANUAL','Tarde','TEA'),
('ANNE CARDOSO DE OLIVEIRA','124385294','ANA DOS SANTOS GABARRA EMEI','2ª ETAPA PRÉ-ESCOLA B MANHA ANUAL','Manhã','TEA / DI - INVEST.  - NIVEL 3'),
('MARIA LUIZA GIOVANNETTI GAROFO','126045274','ANA DOS SANTOS GABARRA EMEI','1ª ETAPA PRÉ-ESCOLA E TARDE ANUAL','Tarde','TEA'),
('IGOR DE FREITAS BRANDO','125225468','ANISIO TEIXEIRA PROF EMEF','3° ANO B TARDE ANUAL','Tarde','TEA'),
('REBECCA DE SOUZA CORSI FERNANDES','122875659','ANISIO TEIXEIRA PROF EMEF','1° ANO A MANHA ANUAL','Manhã','TEA'),
('ALICE MARTINS MATHEUS','122394876','ANISIO TEIXEIRA PROF EMEF','2° ANO A MANHA ANUAL','Manhã','TEA'),
('CLARA GOMES DE ARAUJO JUNQUEIRA','116555697','ANISIO TEIXEIRA PROF EMEF','6° ANO C TARDE ANUAL','Tarde','TEA - NIVEL 3'),
('DAVI ANTLOGA LOPES MOREIRA','122743905','ANISIO TEIXEIRA PROF EMEF','3° ANO B TARDE ANUAL','Tarde','SEM DEF NO SED'),
('DAVI MACHADO REGISTRO','122394624','ANISIO TEIXEIRA PROF EMEF','2° ANO B TARDE ANUAL','Tarde','TEA - NIVEL 3'),
('YAN DE SOUSA BRAZ MARQUES','124941645','ANISIO TEIXEIRA PROF EMEF','3° ANO B TARDE ANUAL','Tarde','TEA - NIVEL 3'),
('DIEGO DE MARCHI','109443477','ANISIO TEIXEIRA PROF EMEF','5° ANO B MANHA ANUAL','Manhã','SINDROME DE DOWN'),
('EMANUEL MENDES DO NASCIMENTO','112668166','ANISIO TEIXEIRA PROF EMEF','9° ANO D TARDE ANUAL','Tarde','SINDROME DE DOWN'),
('ENZO FERNANDES DE MATOS','112781201','ANISIO TEIXEIRA PROF EMEF','9° ANO B MANHA ANUAL','Manhã','BAIXA VISÃO'),
('GUILHERME VAIDEMAN CABRAL','121557905','ANISIO TEIXEIRA PROF EMEF','3° ANO A MANHA ANUAL','Manhã','TEA - NIVEL 3'),
('LUIZA SCARAFICI MARTONETO','120580064','ANISIO TEIXEIRA PROF EMEF','5° ANO C TARDE ANUAL','Tarde','SINDROME DE DOWN'),
('MARISSA SCANDERALLI DOS SANTOS','121364636','ANISIO TEIXEIRA PROF EMEF','3° ANO A MANHA ANUAL','Manhã','SEM DEF. SED'),
('MATHEUS MANOEL SANTOS DA SILVA','116170488','ANISIO TEIXEIRA PROF EMEF','5° ANO B MANHA ANUAL','Manhã','TEA - NIVEL 1'),
('ERICK JANUARIO MUNIZ','122456898','ANISIO TEIXEIRA PROF EMEF','1° ANO A MANHA ANUAL','Manhã','DI/ TDAH/TEA - NIVEL 2'),
('BRAYAN ALVES DA SILVA','113981839','ANTONIO PALOCCI EMEF','7° ANO B MANHA ANUAL','Manhã','TEA'),
('KAIO DA SILVA DOS SANTOS','125980451','ANISIO TEIXEIRA PROF EMEF','9º ANO C TARDE','Tarde','NÃO ESTA NO MUNICIPIO'),
('LARA FERREIRA COSTA VALE','111389399','ANISIO TEIXEIRA PROF EMEF','9º ANO C TARDE','Tarde','NÃO ESTA NO MUNICIPIO'),
('JEAN GABRIEL URBANO RIBEIRO','123411868','ANTONIO PALOCCI EMEF','5° ANO B TARDE ANUAL','Tarde','TEA'),
('NICOLAS NATCHEFF SALAS','124058618','ANTONIO DIEDERICHSEN','1° ANO B MANHA ANUAL','Manhã','TEA INTELECTUAL'),
('ALICE ALMEIDA DINIZ','123318756','ANTONIO DIEDERICHSEN','1° ANO C TARDE ANUAL','Tarde','TEA'),
('PHELIPE BARONCELI CANICEIRO','122879662','ANTONIO DIEDERICHSEN','1° ANO C TARDE ANUAL','Tarde','TEA'),
('STEPHANI VITORIA GOMES','120994152','ANTONIO PALOCCI EMEF','4° ANO C TARDE ANUAL','Tarde','TEA'),
('GEAN FELLIPO BELASCO GABRIEL','113145051','ANTONIO PALOCCI EMEF','8° ANO C TARDE ANUAL','Tarde','SEM DEF. SED'),
('GUSTAVO GUARNIERI FONSECA','120408888','ANTONIO PALOCCI EMEF','3° ANO B MANHA ANUAL','Manhã','TEA'),
('LUCAS COLLI PRADO','121467726','ANTONIO PALOCCI EMEF','3° ANO C TARDE ANUAL','Tarde','TEA - NIVEL 2'),
('MATHEUS RODRIGO DE LAIA CHIVITE','110652772','ANTONIO PALOCCI EMEF','9° ANO A MANHA ANUAL','Manhã','MULTIPLA BAIXA VISÃO FISICA OUTROS'),
('MURILO HENRIQUE SOUSA DOS SANTOS','115332995','ANTONIO PALOCCI EMEF','7° ANO A MANHA ANUAL','Manhã','TEA'),
('RAFAEL MORIEL FERNANDES','116288992','ANTONIO PALOCCI EMEF','5° ANO C TARDE ANUAL','Tarde','DI'),
('YASMIM SANTOS LORIANO FELIX','120267190','ANTONIO PALOCCI EMEF','5° ANO C TARDE ANUAL','Tarde','DI'),
('MARIA CLARA ISIDORO BERNARDES','121940540','ANTONIO PALOCCI EMEF','4° ANO B MANHA ANUAL','Manhã','PARALISIA CEREBRAL'),
('MIGUEL AZIANI','114452988','ANTONIO PALOCCI EMEF','7° ANO B MANHA ANUAL','Manhã','TDAH/DESENVOLVIMENTO DA FALA E DA LINGUAGEM'),
('DAVI LUCCA ALVES DOS SANTOS','122149366','ANTONIO PALOCCI EMEF','1° ANO B MANHA ANUAL','Manhã','TEA - NIVEL 3'),
('MIGUEL PEREIRA GARCIA','123329798','ANTONIO PALOCCI EMEF','1° ANO A MANHA ANUAL','Manhã','INTELECTUAL TEA - NIVEL 3'),
('HEITOR FELIPE PIMENTEL','121506802','ANTONIO PALOCCI EMEF','4° ANO D TARDE ANUAL','Tarde','TEA'),
('ISADORA ARAÚJO SILVA','124711539','ANTONIO PALOCCI EMEF','1º ANO C TARDE ANUAL','Tarde','TEA / INTELECTUAL'),
('BERNARDO DIAS SILVA','123047292','AUREA APPARECIDA BRAGHETTO MACHADO PROFA EMEI','2ª ETAPA PRÉ-ESCOLA D INTEGRAL ANUAL','Integral','TEA'),
('PEDRO MIRANDA DA SILVA','124616820','AUREA APPARECIDA BRAGHETTO MACHADO PROFA EMEI','ETAPA I C INTEGRAL','Integral','INTELECTUAL TEA - NIVEL 3'),
('LUIZ EDUARDO DOMINGOS DE SOUZA MANSO','123537675','AUREA APPARECIDA BRAGHETTO MACHADO PROFA EMEI','2ª ETAPA PRÉ-ESCOLA B INTEGRAL ANUAL','Integral','TEA - NIVEL 3'),
('BENICIO ROSSI','125693310','CAETANA SPINELLI MARTINS EMEI','1ª ETAPA PRÉ-ESCOLA C TARDE ANUAL','Tarde','TEA - NIVEL 2'),
('MIGUEL PIOVAN CATTANI DA SILVA','123113468','CAETANA SPINELLI MARTINS EMEI','2ª ETAPA PRÉ-ESCOLA C TARDE ANUAL','Tarde','TEA - NIVEL 3'),
('ENRIQUE DE CARVALHO SANTIAGO','121926684','BENTO BENEDINI COLEGIO','1° ANO A MANHA ANUAL','Manhã','TEA'),
('GAEL BERNARDO CORREA GONÇALVES','124591716','CAETANA SPINELLI MARTINS EMEI','2ª ETAPA PRÉ-ESCOLA C TARDE ANUAL','Tarde','TEA - NIVEL 2'),
('PEDRO ANTONIO DE SOUZA SILVA','124461464','CARMEN APARECIDA DE CARVALHO RAMOS EMEI','1ª ETAPA PRÉ-ESCOLA A MANHA ANUA','Manhã','DI / TEA - NIVEL 3'),
('PABLO MAGIERO DE OLIVEIRA','123112910','CARMEN MASSAROTO EMEI','2ª ETAPA PRÉ-ESCOLA B TARDE ANUAL','Tarde','TEA - NIVEL 2'),
('MURILO MARTINS MASCITTI','122874127','CAPELLA KIDS SISTEMA DE ENSINO EIRELI- ME','3° ANO A MANHA ANUAL','Manhã','DI / TEA'),
('MIGUEL CARENO DIAS FRANCO','125146758','CARMEN MASSAROTO EMEI','2ª ETAPA PRÉ-ESCOLA C TARDE ANUAL','Tarde','TEA - NIVEL 1'),
('RYAN VINICIUS DE OLIVEIRA CARDOSO','125761201','CECILIO FRAGUAS CRECHE MUNICIPAL CEI','MATERNAL 2 B INTEGRAL ANUAL','Integral','TEA - NIVEL 1'),
('BERNARDO OLIVEIRA QUERINO','125944327','CECILIO FRAGUAS CRECHE MUNICIPAL CEI','MATERNAL 2 C INTEGRAL ANUAL','Integral','TEA - NIVEL 1'),
('SAMUEL LUIZ TAVARES DE LIMA','123576909','CAROCHINHA CRECHE - COSEAS USP','1ª ETAPA PRÉ-ESCOLA P1 INTEGRAL ANUAL','Integral','TEA'),
('DAVI LOBO','115985677','DERCY CELIA SEIXAS FERRARI PROFA EMEF','4° ANO A MANHA ANUAL','Manhã','TEA - NIVEL 1'),
('YURI HIKARI SAKASHITA','120012539','DERCY CELIA SEIXAS FERRARI PROFA EMEF','4° ANO A MANHA ANUAL','Manhã','TEA - NIVEL 1'),
('LUCCA RIBEIRO ALBIERI DO NASCIMENTO','123938327','CERVANTES COLEGIO','2° ANO E MANHA ANUAL','Manhã','TEA'),
('SAYMON ÁTILLA MOREIRA SANTOS','122830854','COLÉGIO ELEVE DE RIBEIRÃO PRETO UNIDADE KENNEDY','1° ANO A INTEGRAL ANUAL','Integral','TEA'),
('VICENTE MORAES PINE','123446381','COLÉGIO NOVO – UNIDADE ALTO DA BOA VISTA','1° ANO A MANHA ANUAL','Manhã','TEA'),
('DAVI RIBEIRO SILVA','116456594','COLÉGIO VIKTOR FRANKL (UNIDADE 2 - BOULEVARD)','5° ANO B TARDE ANUAL','Tarde','TEA'),
('JOSE ANTONIO PINTO NETO','122144052','CORDELIA RIBEIRO RAGOZO PROFESSORA','1° ANO A MANHA ANUAL','Manhã','TEA'),
('VALENTINA DOS SANTOS LIMA','122376428','CORDELIA RIBEIRO RAGOZO PROFESSORA','1° ANO C TARDE ANUAL','Tarde','TEA'),
('GABRIEL SOUSA DOS SANTOS','113297241','DERCY CELIA SEIXAS FERRARI PROFA EMEF','8° ANO C MANHA ANUAL','Manhã','TDAH'),
('HENRIQUE DOS SANTOS ALMEIDA','120023891','DERCY CELIA SEIXAS FERRARI PROFA EMEF','4° ANO A MANHA ANUAL','Manhã','TEA - NIVEL 1'),
('JOÃO VITOR BARBOSA NEVES GONTIJO DA SILVA','115156664','DERCY CELIA SEIXAS FERRARI PROFA EMEF','6° ANO C TARDE ANUAL','Tarde','DI / TDAH'),
('MATHEUS APOLINARIO MANTOVANI','112107060','DERCY CELIA SEIXAS FERRARI PROFA EMEF','9° ANO A MANHA ANUAL','Manhã','MULTIPLA FISICA PARALISIA CEREBRAL / DI'),
('MAURICIO BARGAS FILHO','112093376','DERCY CELIA SEIXAS FERRARI PROFA EMEF','9° ANO A MANHA ANUAL','Manhã','MULTIPLA BAIXA VISÃO FISICA PARALISIA CEREBRAL'),
('SARAH LIA FERREIRA MIRANDA','123849623','DERCY CELIA SEIXAS FERRARI PROFA EMEF','9° ANO B MANHA ANUAL','Manhã','Cegueira e visão subnormal'),
('JONATHAN DE MOURA ALVES','122814153','DERCY CELIA SEIXAS FERRARI PROFA EMEF','1°ANO A MANHÃ','Manhã','TEA - NIVEL 1'),
('ALVARO PINTO ZACARELLI','113129573','DOMINGOS ADILSON CANESIN, EMEF','9° ANO F MANHA ANUAL','Manhã','SINDROME DE DOWN'),
('REBEKA DE OLIVEIRA FRANCISCO','110514139','DERCY CELIA SEIXAS FERRARI PROFA EMEF','9° ANO A MANHA','Manhã','NÃO ESTA NO MUNICIPIO'),
('GABRIEL LUIZ BISPO EUZÉBIO ABADIA','113062854','DOMINGOS ADILSON CANESIN, EMEF','9° ANO C MANHA ANUAL','Manhã','FISICA PARALISIA CEREBRAL'),
('JOÃO CLAUDIO SOUZA ARAUJO','116128039','DOMINGOS ADILSON CANESIN, EMEF','8° ANO E TARDE ANUAL','Tarde','SEM DEF. SED'),
('NICOLAS MIGUEL MALHEIRO OLIVEIRA','112196388','DOMINGOS ADILSON CANESIN, EMEF','9° ANO E MANHA ANUAL','Manhã','MULTIPLA FISICA DI'),
('DAVI RAFAEL KOLAMAN CARLOS','114339981','DOMINGOS ADILSON CANESIN, EMEF','9° ANO F MANHA ANUAL','Manhã','DI'),
('MIKHAEL DE QUEIROZ CASTRO','120751620','DOMINGOS ADILSON CANESIN, EMEF','6° ANO B TARDE ANUAL','Tarde','TEA - NIVEL 3'),
('GAEL MORAES PEREIRA DA SILVA','122410095','DOMINGOS ANGERAMI PROF DR EMEF','2º ANO A TARDE','Tarde','INTELECTUAL / TEA - NIVEL 1'),
('MIGUEL DIAS CICERO','111393000','DOMINGOS ADILSON CANESIN, EMEF','9º ANO C MANHÃ','Manhã','NÃO ESTA NO MUNICIPIO'),
('CRISTOPHER OLIVEIRA DE LIMA','116172644','DOMINGOS ANGERAMI PROF DR EMEF','5° ANO C TARDE ANUAL','Tarde','TEA - NIVEL 2'),
('SARA VITÓRIA ALVES DOS SANTOS','110530670','DOMINGOS ANGERAMI PROF DR EMEF','9° ANO E MANHA ANUAL','Manhã','MULTIPLA FISICA PARALISIA CEREBRAL DI'),
('THEO VINICIUS DE OLIVEIRA RAMIRO','123550208','DOMINGOS ANGERAMI PROF DR EMEF','1° ANO A TARDE ANUAL','Tarde','DI / TEA'),
('DAVI DOS SANTOS CORSI','116357444','EDUARDO ROMUALDO DE SOUZA PROF EMEF','7° ANO A MANHA ANUAL','Manhã','DI / TEA - NIVEL 1'),
('DANIEL RICARDO GUIMARAES','122054457','EDUARDO ROMUALDO DE SOUZA PROF EMEF','2° ANO D TARDE ANUAL','Tarde','SINDROME DE DOWN'),
('NOAH DE OLIVEIRA CARDOSO','120151435','DOMINGOS JOAO BAPTISTA SPINELLI PROFESSOR DOUTOR','6° ANO A INTEGRAL 7H T1 ANUAL','Integral','TEA'),
('BRAYAN ROCHA SANTOS','123530221','EDGARDO CAJADO DOUTOR','1° ANO B TARDE ANUAL','Tarde','TEA'),
('DAVI MIGUEL ALVES','120565506','EDUARDO ROMUALDO DE SOUZA PROF EMEF','4° ANO C TARDE ANUAL','Tarde','DI / TEA'),
('HENRIQUE MARCAL CAMILLO','120852028','EDUARDO ROMUALDO DE SOUZA PROF EMEF','3° ANO C MANHA ANUAL','Manhã','TEA'),
('JOÃO OTAVIO MAIA DE SOUZA','120897258','EDUARDO ROMUALDO DE SOUZA PROF EMEF','2° ANO E TARDE ANUAL','Tarde','TEA'),
('LIVIA MARIA RIBEIRO SANTIAGO','120879947','EDUARDO ROMUALDO DE SOUZA PROF EMEF','7° ANO D TARDE ANUAL','Tarde','DI / TEA'),
('LUIZ RICARDO GOMES MACHADO','111178455','EDUARDO ROMUALDO DE SOUZA PROF EMEF','9° ANO A MANHA ANUAL','Manhã','DI'),
('PEDRO MARCULO MARINS','116571625','EDUARDO ROMUALDO DE SOUZA PROF EMEF','6° ANO A MANHA ANUAL','Manhã','DI'),
('PIETRO IGNACIO LIMA','121422023','EDUARDO ROMUALDO DE SOUZA PROF EMEF','2° ANO B MANHA ANUAL','Manhã','TEA'),
('RAYRA ROSSI','113893085','EDUARDO ROMUALDO DE SOUZA PROF EMEF','7° ANO A MANHA ANUAL','Manhã','TEA'),
('SAMUEL RODRIGO DE OLIVEIRA RUSSO','123362460','EDUARDO ROMUALDO DE SOUZA PROF EMEF','3° ANO C MANHA ANUAL','Manhã','DI / TEA'),
('TIAGO MARCULO MARINS','116571682','EDUARDO ROMUALDO DE SOUZA PROF EMEF','6° ANO B MANHA ANUAL','Manhã','DI / TEA'),
('GUSTAVO DE ARAUJO MARTINS','122874336','EDUARDO ROMUALDO DE SOUZA PROF EMEF','2° ANO D TARDE ANUAL','Tarde','DI/TEA'),
('ISAAC COSTA','123478317','EDUARDO ROMUALDO DE SOUZA PROF EMEF','2° ANO B MANHA ANUAL','Manhã','TEA'),
('ISAAC MACHADO GOMES BEZERRA','122031627','EDUARDO ROMUALDO DE SOUZA PROF EMEF','2° ANO A MANHA ANUAL','Manhã','TEA INTELECTUAL'),
('LORENZO GARBELLINI DUZZI','121375973','EDUARDO ROMUALDO DE SOUZA PROF EMEF','3° ANO A MANHA ANUAL','Manhã','TEA'),
('LUAN FREITAS BIANCHINI','122400367','EDUARDO ROMUALDO DE SOUZA PROF EMEF','3° ANO E TARDE ANUAL','Tarde','FISICA OUTROS TEA'),
('MARCOS FERNANDO SILVA E SILVA','122466279','EDUARDO ROMUALDO DE SOUZA PROF EMEF','4° ANO B MANHA ANUAL','Manhã','FISICA OUTROS'),
('MIGUEL GUMIERO GOMES','121126974','EDUARDO ROMUALDO DE SOUZA PROF EMEF','3° ANO A MANHA ANUAL','Manhã','TEA INTELECTUAL'),
('OLIVER DOPIATE DECHICHE','123683087','EDUARDO ROMUALDO DE SOUZA PROF EMEF','2° ANO E TARDE ANUAL','Tarde','DI / TEA'),
('RAFAEL AUGUSTO GUIMARÃES','120743428','EDUARDO ROMUALDO DE SOUZA PROF EMEF','4° ANO D TARDE ANUAL','Tarde','INTELECTUAL'),
('HEITOR MARQUES GOMIDES','122040825','EDUARDO ROMUALDO DE SOUZA PROF EMEF','1° ANO C TARDE ANUAL','Tarde','TEA'),
('THAYLA DE ANDRADE RODRIGUES','122537320','EDUARDO ROMUALDO DE SOUZA PROF EMEF','3° ANO B MANHA ANUAL','Manhã','SINDROME DE DOWN'),
('NICHOLAS SANTOS CARDOSO DE SA','115029726','EDUARDO ROMUALDO DE SOUZA PROF EMEF','9º ANO C TARDE','Tarde','NÃO ESTA NO MUNICIPIO'),
('MURILO BERGAMASCO DOS SANTOS','122144613','EDUARDO ROMUALDO DE SOUZA PROF EMEF','2º ANO B MANHÃ','Manhã','TEA'),
('ALICE HELENA AQUINO DE OLIVEIRA','123707256','EDUARDO ROMUALDO DE SOUZA PROF EMEF','1° ANO D TARDE ANUAL','Tarde','TEA'),
('YASMIN GIGANTE DA SILVA','113258157','EGYDIO PEDRESCHI CENTRO DE EDUCACAO ESPECIAL','9° ANO B MANHA ANUAL','Manhã','DI / TEA'),
('CLEILTON XAVIER JARDIM','111130134','EGYDIO PEDRESCHI CENTRO DE EDUCACAO ESPECIAL','MULTISSERIADA B TARDE','Tarde','MULTIPLA/ FISICA PARALISIA CEREBRAL/ DI'),
('ARMSTRONG DAVI SILVA PASSOS','125037583','ELISA DUBOC GARCIA PROFA EMEF','7° ANO A MANHA ANUAL','Manhã','TEA'),
('FELIPE VIEIRA FREIRE','116202307','ELISA DUBOC GARCIA PROFA EMEF','5° ANO B TARDE ANUAL','Tarde','FISICA OUTROS'),
('LUCCA NASCIMENTO DE SOUZA','122509597','ELISA DUBOC GARCIA PROFA EMEF','3° ANO C TARDE ANUAL','Tarde','TEA'),
('RAFAEL MORAES VALENDOLF','120887508','ELISA DUBOC GARCIA PROFA EMEF','3° ANO A MANHA ANUAL','Manhã','TEA'),
('MURILO BORGES','120033206','ELISA DUBOC GARCIA PROFA EMEF','5° ANO A MANHA ANUAL','Manhã','SEM DEF NO SED'),
('LORENZO GONCALVES LIMA','121943626','ELISA DUBOC GARCIA PROFA EMEF','5° ANO A MANHA ANUAL','Manhã','DI'),
('HEITOR SAMUEL DA SILVA MARIGHETI','114315492','ELISA DUBOC GARCIA PROFA EMEF','5° ANO C TARDE ANUAL','Tarde','TEA'),
('MARIA EDUARDA GUERINO','114310812','ELISA DUBOC GARCIA PROFA EMEF','8° ANO C TARDE ANUAL','Tarde','DI'),
('ALAN TAHIEL LLAMOZAS ALBARRACIN','124051180','ELISA DUBOC GARCIA PROFA EMEF','1° ANO A MANHA ANUAL','Manhã','TEA'),
('LÍVIA EMANUELLY DE SOUZA SANTOS','122472946','ELISA DUBOC GARCIA PROFA EMEF','1° ANO B TARDE ANUAL','Tarde','TEA'),
('LUÍS GUILHERME MASTELLO DOS REIS','122703748','ELISA DUBOC GARCIA PROFA EMEF','1° ANO B TARDE ANUAL','Tarde','TEA'),
('FERNANDO HENRIQUE DE OLIVEIRA TEODORO','122465760','ELZA GUAZZELI DA COSTA PROFA EMEI','2ª ETAPA PRÉ-ESCOLA B TARDE ANUAL','Tarde','TEA'),
('GUILHERME SOUZA GOUVEA','122475254','ELZA GUAZZELI DA COSTA PROFA EMEI','2ª ETAPA PRÉ-ESCOLA A MANHA ANUAL','Manhã','DI / TEA'),
('EMANUEL DE OLIVEIRA BICALHO','125148972','ELZA GUAZZELI DA COSTA PROFA EMEI','MATERNAL 2 B INTEGRAL ANUAL','Integral','TEA INTELECTUAL'),
('MARINA VERCESI TREVILATO','122104209','ELZA LEITE DA COSTA PROFA EMEF','4° ANO D TARDE ANUAL','Tarde','TEA'),
('CAUÃ HENRIQUE MACHADO FERREIRA','122439774','EMILIO JARBINET PADRE EMEI','2ª ETAPA PRÉ-ESCOLA B MANHA ANUAL','Manhã','TEA'),
('ISAAC RAFAEL MARCAL DA SILVA','125484158','EMILIO JARBINET PADRE EMEI','2ª ETAPA PRÉ-ESCOLA A MANHA ANUAL','Manhã','TEA'),
('CHRYSTOFFER BARBOSA','125663400','EMILIO JARBINET PADRE EMEI','ETAPA II D TARDE','Tarde','TEA'),
('MANUELLAANDRADE BENTO','125921652','ENEIDA PEREIRA DOS SANTOS DE AGUIAR DOUTORA PROFESSORA, EMEF','1º ANO A MANHÃ','Manhã','AMIOTROFIA MUSCULAR ESPINHAL'),
('BRENO RIBEIRO BELO','122062966','ENEIDA PEREIRA DOS SANTOS DE AGUIAR DOUTORA PROFESSORA, EMEF','2° ANO B MANHA ANUAL','Manhã','DI / TEA'),
('ENZO DANIEL MASSONETTO DE SOUSA','121585352','ENEIDA PEREIRA DOS SANTOS DE AGUIAR DOUTORA PROFESSORA, EMEF','3° ANO I TARDE ANUAL','Tarde','TEA'),
('PEDRO HENRIQUE ADAO LOPES','115253204','ENEIDA PEREIRA DOS SANTOS DE AGUIAR DOUTORA PROFESSORA, EMEF','5° ANO D TARDE ANUAL','Tarde','TEA INTELECTUAL'),
('PEDRO HENRIQUE DA SILVA DAVID','120876025','ENEIDA PEREIRA DOS SANTOS DE AGUIAR DOUTORA PROFESSORA, EMEF','3° ANO I TARDE ANUAL','Tarde','TEA'),
('VICTOR DE OLIVEIRA VIANA','122298721','ENEIDA PEREIRA DOS SANTOS DE AGUIAR DOUTORA PROFESSORA, EMEF','3° ANO I TARDE ANUAL','Tarde','TEA'),
('ELIEL OLIVEIRA CABOVITO DE JESUS','124541905','ENEIDA PEREIRA DOS SANTOS DE AGUIAR DOUTORA PROFESSORA, EMEF','1° ANO B MANHA ANUAL','Manhã','TEA'),
('NICOLAS NASCIMENTO DE SÁ','120466712','EPONINA DE BRITTO ROSSETTO PROFA EMEF','8° ANO A MANHA ANUAL','Manhã','TEA'),
('LORENA GABRIELA DA SILVA','114294274','EPONINA DE BRITTO ROSSETTO PROFA EMEF','7° ANO A MANHA ANUAL','Manhã','TEA'),
('MATHEUS HENRIQUE BRITO FERNANDES','122886327','EPONINA DE BRITTO ROSSETTO PROFA EMEF','2° ANO A TARDE ANUAL','Tarde','DI / TEA'),
('WELLINGTON SOUZA ALVES','124253774','EPONINA DE BRITTO ROSSETTO PROFA EMEF','2° ANO A TARDE ANUAL','Tarde','TEA'),
('AYLLA VICTORIA DA CRUZ PEDROSO CAMPANINE OSORIO','122703474','EPONINA DE BRITTO ROSSETTO PROFA EMEF','1° ANO A TARDE ANUAL','Tarde','DI / TEA'),
('DEREK MIGUEL DE JESUS BATISTA','122373289','FAUSTINO JARRUCHE DR EMEF','2° ANO D TARDE ANUAL','Tarde','TEA'),
('BEATRIZ LOPES ALVES','123306672','ESCOLA PRÓ CULTURAL AMARELINHA','1º ANO B TARDE','Tarde','TEA'),
('BENICIO DE SOUZA PAULINO','123702657','FAUSTINO JARRUCHE DR EMEF','2° ANO C MANHA ANUAL','Manhã','TEA'),
('ISRAEL HENRIQUE MOGNO DO NASCIMENTO','122373407','FAUSTINO JARRUCHE DR EMEF','2° ANO B MANHA ANUAL','Manhã','FISICA'),
('VALENTINA FERREIRA DO NASCIMENTO','123272985','FAUSTINO JARRUCHE DR EMEF','3° ANO B MANHA ANUAL','Manhã','DI / TEA'),
('ISAAC EMANUEL NERY DOS SANTOS','121293438','FAUSTINO JARRUCHE DR EMEF','4° ANO F TARDE ANUAL','Tarde','TEA'),
('ISAQUE DOS SANTOS PEREIRA','116011439','FAUSTINO JARRUCHE DR EMEF','5° ANO D TARDE ANUAL','Tarde','DI / TEA'),
('HEITOR MATOS DA SILVA','123323512','FAUSTINO JARRUCHE DR EMEF','1° ANO A MANHA ANUAL','Manhã','SEM DEF NO SED'),
('DAVI JESUS PEREIRA','123458627','FAUSTINO JARRUCHE DR EMEF','1° ANO F TARDE ANUAL','Tarde','TEA'),
('ELOAH ARVILINO SOARES','123496398','FAUSTINO JARRUCHE DR EMEF','1° ANO D TARDE ANUAL','Tarde','TEA'),
('PEDRO HENRIQUE MOREIRA OLIVEIRA','123499075','FAUSTINO JARRUCHE DR EMEF','1° ANO C MANHA ANUAL','Manhã','MULTIPLA FISICA CADEIRANTE DI'),
('RENAN DOS ANJOS JUNIOR','116580103','FAUSTINO JARRUCHE DR EMEF','4° ANO C MANHA ANUAL','Manhã','SEM DEF NO SED'),
('RYAN ISAAC TOBIAS DOS SANTOS','122033267','FAUSTINO JARRUCHE DR EMEF','2° ANO D TARDE ANUAL','Tarde','SEM DEF NO SED'),
('ISAQUE BRITO SILVA','116044494','GERALDA DE SOUZA ESPIN EMEF','6° ANO A MANHA ANUAL','Manhã','INTELECTUAL'),
('MIGUEL LEMOS GROPPO','122798441','FUTURO COLEGIO','3° ANO B MANHA ANUAL','Manhã','TEA'),
('LUIDY FABIANO BARROS RAMOS','113173344','GERALDA DE SOUZA ESPIN EMEF','9° ANO A MANHA ANUAL','Manhã','DI'),
('RAFAEL JOSÉ DOS SANTOS NUNES','115608987','GERALDA DE SOUZA ESPIN EMEF','8° ANO B MANHA ANUAL','Manhã','TEA'),
('ENZO GABRIEL VIANNA DA SILVA','123714318','HENILLA GODOY VELLUDO SALVADOR EMEI','2ª ETAPA PRÉ-ESCOLA A MANHA ANUAL','Manhã','DI / TEA'),
('JOAO HENRIQUE POLONI DA SILVA','124476702','GETULIO VARGAS DOUTOR','1º ANO D TARDE ANUAL','Tarde','TEA'),
('HENRY EZEQUIEL LIMA NASCIMENTO','122884822','GETULIO VARGAS DOUTOR','1º ANO A MANHA ANUAL','Manhã','TEA'),
('LUIZ FELIPE TEODORO','123340730','GETULIO VARGAS DOUTOR','1º ANO C TARDE ANUAL','Tarde','TEA'),
('MARIA EDUARDA KUMAGAI SIMOES','112856607','GRAPHEIN COLEGIO','7° ANO A MANHA ANUAL','Manhã','TEA'),
('ANTHONY FERREIRA SILVA','125995534','HILDA MARIA SOBRAL BARBOSA MANDARINO EMEI','2ª ETAPA PRÉ-ESCOLA C TARDE ANUAL','Tarde','TEA'),
('SAMUEL FELIX LOURENCO','125138843','HERMINIA GUGLIANO PROFESSORA','1° ANO A TARDE ANUAL','Tarde','TEA'),
('ISIS RODRIGUES LIMA','124985006','HILDA MARIA SOBRAL BARBOSA MANDARINO EMEI','1ª ETAPA PRÉ-ESCOLA C MANHA ANUAL','Manhã','tea'),
('VITOR MOTA CAÇADOR','124505585','HILDA MOSCA ESCOLA MUNICIPAL DE EDUCACAO INFANTIL EMEI','2ª ETAPA PRÉ-ESCOLA C INTEGRAL ANUAL','Integral','TEA'),
('BENICIO CANUTO DOS REIS','124510987','HILDA MOSCA ESCOLA MUNICIPAL DE EDUCACAO INFANTIL EMEI','1ª ETAPA PRÉ-ESCOLA C INTEGRAL ANUAL','Integral','TEA'),
('RYAN FAGNNER LOPES FERREIRA','113383355','HONORATO DE LUCCA PROF EMEF','7° ANO C TARDE ANUAL','Tarde','FISICA PARALISIA CEREBRAL'),
('CALEB SANTANA GOMES DA SILVA','122088579','HONORATO DE LUCCA PROF EMEF','4° ANO A MANHA ANUAL','Manhã','DI / TEA'),
('ENZO PIETRO RODRIGUES','122145779','HONORATO DE LUCCA PROF EMEF','1° ANO A MANHA ANUAL','Manhã','MULTIPLA FISICA DI'),
('EZEQUIEL GUERREIRO','115161559','HONORATO DE LUCCA PROF EMEF','7° ANO A MANHA ANUAL','Manhã','DI / TEA'),
('KASSIO GABRIEL BARBOSA DA SILVA','120768080','HONORATO DE LUCCA PROF EMEF','4° ANO B MANHA ANUAL','Manhã','DI'),
('JASIEL RODRIGUES FAGUNDES','115154055','HONORATO DE LUCCA PROF EMEF','4° ANO A MANHA ANUAL','Manhã','DI'),
('BERNARDO DOMINIQUE IDALGO PHELIPPE','123760174','HONORATO DE LUCCA PROF EMEF','2° ANO A MANHA ANUAL','Manhã','TEA'),
('ANTONIO CÉSAR DE SOUZA NETO','124331154','IRIA JUNQUEIRA DONA EMEI','MATERNAL 2 F TARDE ANUAL','Tarde','DI / TEA'),
('MARIA FERNANDA BARROS COSTA','125674859','IRIA JUNQUEIRA DONA EMEI','1ª ETAPA PRÉ-ESCOLA E TARDE ANUAL','Tarde','DI / TEA'),
('MARIA VALENTINA ROCHA DE SOUZA','123536359','IRIA JUNQUEIRA DONA EMEI','1ª ETAPA PRÉ-ESCOLA A MANHA ANUAL','Manhã',''),
('HELENA APARECIDA PONCE SOUZA','125034156','IRIA JUNQUEIRA DONA EMEI','1ª ETAPA PRÉ-ESCOLA C MANHA ANUAL','Manhã','SINDROME DE DOWN'),
('LOUISE EGIDIA ERRERA','125675987','IRIA JUNQUEIRA DONA EMEI','MATERNAL 2 B INTEGRAL ANUAL','Integral','DI / TEA'),
('BENÍCIO CARLOS PIRES','124061952','IRIA JUNQUEIRA DONA EMEI','ETAPA I A MANHÃ','Manhã','TEA'),
('MARIANA ALVES DE SOUZA','125514986','IRIA JUNQUEIRA DONA EMEI','2ª ETAPA PRÉ-ESCOLA D TARDE ANUAL','Tarde','SEM DEF NO SED'),
('KAUAN EMANUEL ANDRADE DA SILVA','122052817','JAIME MONTEIRO DE BARROS PROF EMEF','4° ANO B MANHA ANUAL','Manhã','TEA INTELECTUAL'),
('IGGOR HENRIQUE VIEIRA LYRIO','122438589','JAIME MONTEIRO DE BARROS PROF EMEF','3° ANO B MANHA ANUAL','Manhã','TEA INTELECTUAL'),
('SAMUEL PIETRO MARTINS PINHEIRO','123670477','JAIME MONTEIRO DE BARROS PROF EMEF','4° ANO C MANHA ANUAL','Manhã','SINDROME DE DOWN / TEA'),
('BRAIAN LEITE PEIXE','114179835','JAIME MONTEIRO DE BARROS PROF EMEF','9° ANO A MANHA ANUAL','Manhã','FISICA PARALISIA CEREBRAL'),
('ENZO LUCAS CATONA PEDRAZZI','116025593','JAIME MONTEIRO DE BARROS PROF EMEF','5° ANO D TARDE ANUAL','Tarde','TEA / SINDROME DE DOWN'),
('CRISTHYAN LOHAN BRITO ALVES','123967798','JAIME MONTEIRO DE BARROS PROF EMEF','2° ANO B MANHA ANUAL','Manhã','SEM DEF. SED'),
('DERYCK LUCCA DA SILVA LIMA','123661016','JAIME MONTEIRO DE BARROS PROF EMEF','2° ANO A MANHA ANUAL','Manhã','TEA'),
('JOAO PEDRO TELES DE SOUZA','120106133','JAIME MONTEIRO DE BARROS PROF EMEF','6° ANO B MANHA ANUAL','Manhã','TEA'),
('VALENTINA APARECIDA DE JESUS DA SILVA','125019524','JAIME MONTEIRO DE BARROS PROF EMEF','1° ANO A MANHA ANUAL','Manhã','TEA'),
('RAFAEL ANTONIO EUZEBIO SILVA','124412042','JARBAS MASSULLO PROF EMEF','1° ANO B TARDE ANUAL','Tarde','TEA NÍVEL 2'),
('GABRIEL GREGORIS RAMIRO','120840425','JARBAS MASSULLO PROF EMEF','2° ANO B TARDE ANUAL','Tarde','FISICA PARALISIA CEREBRAL'),
('DAVI DE SOUZA BOMFIM','123370312','JARBAS MASSULLO PROF EMEF','3° ANO B TARDE ANUAL','Tarde','TEA'),
('RICARDO DE SOUZA CARVALHO','113381996','JARBAS MASSULLO PROF EMEF','9° ANO A MANHA ANUAL','Manhã','TEA'),
('MATHEUS RIBEIRO BUZZO ORLANDI','121909339','JARBAS MASSULLO PROF EMEF','2° ANO B TARDE ANUAL','Tarde','INTELECTUAL'),
('ISAAC FARIA DOS SANTOS','124463135','JARBAS MASSULLO PROF EMEF','1° ANO A TARDE ANUAL','Tarde','DI / TEA'),
('DOUGLAS ALEXANDRE BORGES DE OLIVEIRA','113379924','JARBAS MASSULLO PROF EMEF','9° ANO B MANHA ANUAL','Manhã','TDAH'),
('DAVI GABRIEL AGOSTINHO VIEIRA','113371516','JARDIM WILMA FLOR','8º ANO B MANHA ANUAL','Manhã','DI'),
('MIGUEL LEMES VAZ','122475269','JESUS GUILHERME GIACOMINI','1° ANO B MANHA ANUAL','Manhã','SEM DEF NO SED'),
('BENJAMIM RAMOS MARQUES','120156457','JOAO GILBERTO SAMPAIO DR EMEF','7° ANO C MANHA ANUAL','Manhã','TEA'),
('GABRIEL HENRIQUE DUARTE','122060538','JOAO GILBERTO SAMPAIO DR EMEF','5° ANO A MANHA ANUAL','Manhã','FISICA'),
('GREGORI ALEXANDRE AZEVEDO','123730022','JOAO GILBERTO SAMPAIO DR EMEF','3° ANO A MANHA ANUA','Manhã','DI / TEA'),
('CLARA VICTÓRIA ALVES CARNEIRO','122506077','JOAO GILBERTO SAMPAIO DR EMEF','4° ANO A MANHA ANUAL','Manhã','FISICA/TDAH'),
('HENRIQUE MENEZES OLIVEIRA','122153112','JOAO GILBERTO SAMPAIO DR EMEF','2° ANO C TARDE ANUAL','Tarde','TEA'),
('LUIZ MIGUEL DE FREITAS','115514077','JOAO GILBERTO SAMPAIO DR EMEF','8° ANO B MANHA ANUAL','Manhã','DI'),
('ISIS RIBEIRO RODRIGUES','122523778','JOAO GILBERTO SAMPAIO DR EMEF','1° ANO B TARDE ANUAL','Tarde','SINDROME DE DOWN'),
('NYCOLLAS YAGO MORAIS FERNANDES','124055256','JOAO GILBERTO SAMPAIO DR EMEF','1° ANO A TARDE ANUAL','Tarde','FISICA PARALISIA CEREBRAL'),
('THIAGO ESTEVES LEITE','120181324','JOAO GILBERTO SAMPAIO DR EMEF','6° ANO A TARDE ANUAL','Tarde','TRANSTORNO DESINTEGRATIVO DA INFANCIA'),
('CRISTIAN DA SILVA BITENCOURT','122913641','JOAO RODRIGUES GUIAO DOUTOR','1° ANO A MANHA ANUAL','Manhã','TEA'),
('GABRIEL ALEX CARDOSO DE SOUZA','122415226','JOAO RODRIGUES GUIAO DOUTOR','1° ANO A MANHA ANUAL','Manhã','TEA'),
('LOGAN MARTINS FARIA COSTA VITAL','123316593','JOAO RODRIGUES GUIAO DOUTOR','1° ANO B MANHA ANUAL','Manhã','TEA'),
('NICOLAS MOURA MAIA','124508757','JOAO RODRIGUES GUIAO DOUTOR','1° ANO D TARDE ANUAL','Tarde','TEA'),
('LUCCA MORENO PERES OLIVEIRA','124463430','JOAO RODRIGUES GUIAO DOUTOR','1° ANO B MANHA ANUAL','Manhã','TEA'),
('MELISSA CANDIDO MELO','124066434','JOAO SPERANDIO DEPUTADO EMEI','2ª ETAPA PRÉ-ESCOLA A MANHA ANUAL','Manhã','DI / TEA'),
('HENRIQUE DO NASCIMENTO FREITAS','123698396','JORGE RODINI LUIZ PROFESSOR','1° ANO B MANHA ANUAL','Manhã','DI / TEA'),
('LORENZO FERREIRA SIVIERO','123333217','JORGE RODINI LUIZ PROFESSOR','1° ANO C MANHA ANUAL','Manhã','DI / TEA'),
('JOSE EDUARDO REIS BERNARDES','123323288','JORGE RODINI LUIZ PROFESSOR','1° ANO E TARDE ANUAL','Tarde','TEA'),
('ARTHUR HENRIQUE BORGES DE SOUZA','123327588','JOSE BONIFACIO COUTINHO NOGUEIRA EMEI','2ª ETAPA PRÉ-ESCOLA A MANHA ANUAL','Manhã','TEA'),
('HENRY OLIVEIRA TASCHETTI','125763072','JOSE BONIFACIO COUTINHO NOGUEIRA EMEI','2ª ETAPA PRÉ-ESCOLA C TARDE ANUAL','Tarde','DI / TEA'),
('ANA ASSUNÇÃO BARBOSA','123536342','JOSE BONIFACIO COUTINHO NOGUEIRA EMEI','1ª ETAPA PRÉ-ESCOLA A MANHA ANUAL','Manhã','SURDEZ SEVERA PROFUNDA'),
('ARTHUR MIGUEL ALVES DA LUZ','123797723','JOSE CARLOS SOBRAL DR EMEI','CICLO IV F INTEGRAL','Integral','TEA'),
('HEITOR ONDA BAPTISTA DO NASCIMENTO','123799769','JOSE CARLOS SOBRAL DR EMEI','2ª ETAPA PRÉ-ESCOLA C INTEGRAL ANUAL','Integral','DI / TEA'),
('ANTHONY ALEXANDRE NUNES','124881888','JOSE CARLOS SOBRAL DR EMEI','2ª ETAPA PRÉ-ESCOLA E INTEGRAL ANUAL','Integral','TEA INTELECTUAL'),
('HECTOR GAEL BOCARDO BARBOSA','125219197','JOSE CARLOS SOBRAL DR EMEI','1ª ETAPA PRÉ-ESCOLA D INTEGRAL ANUAL','Integral','TEA INTELECTUAL'),
('IAN DIOGO DE MORAES MACEDO','125526448','JOSE DELIBO VEREADOR EMEF','1° ANO B TARDE ANUAL','Tarde','TEA'),
('MOISES RENIE GREGORIO RODRIGUES','124142074','JOSE DELIBO VEREADOR EMEF','1° ANO C TARDE ANUAL','Tarde','TEA'),
('DAVI ALEJANDRO HENAO DE LIMA','125189778','JOSE DELIBO VEREADOR EMEF','1° ANO C TARDE ANUAL','Tarde','TEA'),
('PAULO REZENDE CARDOSO','123611078','JOSE DELIBO VEREADOR EMEF','1° ANO B TARDE ANUAL','Tarde','TEA'),
('ÍTALO GABRIEL GUIMARÃES FERREIRA','114316309','JOSE DELIBO VEREADOR EMEF','9° ANO C TARDE','Tarde','NÃO ESTA NO MUNICIPIO'),
('CHRISTINA MARIA FACION DE MELO','116010740','JOSE DELIBO VEREADOR EMEF','5° ANO A MANHA ANUAL','Manhã','SINDROME DE DOWN'),
('HENRIQUE NOBRE ROSA','112973065','JOSE DELIBO VEREADOR EMEF','9° ANO B MANHA ANUAL','Manhã','DI/ TEA'),
('ICARO AZEVEDO FANTINI','123684536','JOSE DELIBO VEREADOR EMEF','2° ANO A MANHA ANUAL','Manhã','DI / TEA'),
('MIGUEL VANZELI RIBEIRO','113178433','JOSE DELIBO VEREADOR EMEF','6° ANO A MANHA ANUAL','Manhã','TEA'),
('RAUL JORGE MIOTTO','116548216','JOSE DELIBO VEREADOR EMEF','7° ANO A MANHA ANUAL','Manhã','SINDROME DE DOWN / TEA'),
('RENATO AMARAL DE ASSIS JUNIOR','120534390','JOSE DELIBO VEREADOR EMEF','4° ANO A MANHA ANUAL','Manhã','TEA'),
('WESLLEY MURILO ALVES AMANCIO','115187012','JOSE DELIBO VEREADOR EMEF','8° ANO B TARDE ANUAL','Tarde','DI'),
('MIGUEL FERREIRA DE SOUZA','122458940','JOSE LIMA PEDREIRA DE FREITAS PROFESSORA','1° ANO B INTEGRAL 9H ANUAL','Integral','DI / TEA'),
('ALLAN RODRIGUES DA SILVA','124951522','JOSE PEDRO MOREIRA PROF EMEI','2ª ETAPA PRÉ-ESCOLA L TARDE ANUAL','Tarde','TEA INTELECTUAL'),
('DAVI LUCCA DE ANDRADE SILVA SARAIVA','124492802','JOSE PEDRO MOREIRA PROF EMEI','1ª ETAPA PRÉ-ESCOLA E MANHA ANUAL','Manhã','MULTIPLA FISICA PARALISIA CEREBRAL / DI'),
('THIAGO DE PAULA LOURENCO MIRANDA','124073993','JOSE PEDRO MOREIRA PROF EMEI','2ª ETAPA PRÉ-ESCOLA F MANHA ANUAL','Manhã','DI / TEA'),
('HENRIQUE SAMUEL RODRIGUES CRUZ','124935698','JOSE PEDRO MOREIRA PROF EMEI','1ª ETAPA PRÉ-ESCOLA H TARDE ANUAL','Tarde','TEA'),
('BRUNO OTAVIO MATOS DE SOUZA','116000845','JOSE RODINI LUIZ PROF EMEF','4° ANO A MANHA ANUAL','Manhã','SEM DEF. SED'),
('ISAAC SILVA PAIANO','121506380','JOSE RODINI LUIZ PROF EMEF','4° ANO B TARDE ANUAL','Tarde','TEA'),
('KAUAN FERREIRA GIANEZINI','122072676','JOSE RODINI LUIZ PROF EMEF','2° ANO A MANHA ANUAL','Manhã','TEA'),
('LORENZO FERREIRA GIANEZINI','116251580','JOSE RODINI LUIZ PROF EMEF','6° ANO A MANHA ANUAL','Manhã','DI / TEA'),
('MARIA EDUARDA SANTOS DA SILVA','114029744','JOSE RODINI LUIZ PROF EMEF','8° ANO A MANHA ANUAL','Manhã','TEA'),
('LUCAS HENRIQUE DOS SANTOS SILVA','112452124','JOSE RODINI LUIZ PROF EMEF','9° ANO A MANHA ANUAL','Manhã','SINDROME DE DOWN'),
('LUIZ FILIPE FIRMINO GOMES DE SOUZA','122392201','JOSE RODINI LUIZ PROF EMEF','4° ANO A MANHA ANUAL','Manhã',''),
('LUIZ LÁZARO RAFAEL MENEZES RIBEIRO DA SILVA','121624646','JOSE RODINI LUIZ PROF EMEF','3° ANO B TARDE ANUAL','Tarde','TEA'),
('RHUAN PEREIRA LEMES','112397371','JOSE RODINI LUIZ PROF EMEF','9° ANO A MANHA','Manhã','NÃO ESTA NO MUNICIPIO'),
('GABRIEL LISBOA DE ABREU','116678284','JULIETA FERNANDA SOUSA TARANTO','6° ANO A TARDE ANUAL','Tarde','SINDROME DE DOWN'),
('FRANCISCO CAETANO GIAVONI SOARES','123346643','JULIO CESAR VOLTARELLI DR EMEF','1° ANO C TARDE ANUAL','Tarde','DI / TEA'),
('DAVI ANTÔNIO MOREIRA DE SOUSA FÁBIO','124355409','JULIO CESAR VOLTARELLI DR EMEF','2° ANO C TARDE ANUAL','Tarde','TEA'),
('CECÍLIA GARCIA CUBAS PEREIRA','123699627','JULIO CESAR VOLTARELLI DR EMEF','2° ANO B MANHA ANUAL','Manhã','TEA'),
('DANIEL DE OLIVEIRA GREGORIO','122377577','JULIO CESAR VOLTARELLI DR EMEF','2° ANO C TARDE ANUAL','Tarde','TEA'),
('DAVY GONÇALVES VIANA','120961261','JULIO CESAR VOLTARELLI DR EMEF','2° ANO A MANHA ANUAL','Manhã','TEA'),
('ELIZA DAYANA DE ANDRADE SANTOS','124514830','JULIO CESAR VOLTARELLI DR EMEF','2° ANO E TARDE ANUAL','Tarde','TEA'),
('GUSTAVO ALEXANDRE BARROS TOBIAS','116049875','JULIO CESAR VOLTARELLI DR EMEF','5° ANO B MANHA ANUAL','Manhã','TEA'),
('HELENA DOS SANTOS FRANCISCO','121578330','JULIO CESAR VOLTARELLI DR EMEF','3° ANO B MANHA ANUAL','Manhã','TEA'),
('ISABELLA TOFANIM','121522728','JULIO CESAR VOLTARELLI DR EMEF','4° ANO D TARDE ANUAL','Tarde','TEA'),
('JOÃO VITOR MIRANDA BICA DE LIRA','116028329','JULIO CESAR VOLTARELLI DR EMEF','4° ANO B MANHA ANUAL','Manhã','SINDROME DE DOWN'),
('LORENA CAETANO DA CUNHA','123657144','JULIO CESAR VOLTARELLI DR EMEF','2° ANO A MANHA ANUAL','Manhã','TEA'),
('MIGUEL DE OLIVEIRA LAUREANO','123332412','JULIO CESAR VOLTARELLI DR EMEF','2° ANO B MANHA ANUAL','Manhã','TEA'),
('DAVI EDUARDO MARTINS LOURENÇO','123304226','JULIO CESAR VOLTARELLI DR EMEF','2° ANO E TARDE ANUAL','Tarde','TEA'),
('JOSÉ GABRIEL DE LIMA SILVA','120969089','JULIO CESAR VOLTARELLI DR EMEF','3° ANO B MANHA ANUAL','Manhã','TEA'),
('LUCAS EMANUEL DE LIMA SILVA','120969068','JULIO CESAR VOLTARELLI DR EMEF','3° ANO A MANHA ANUAL','Manhã','TEA'),
('JOAO EDUARDO JOVENATO MENDES','125519276','KINDERSPIEL COLEGIO','2° ANO A TARDE ANUAL','Tarde','TEA'),
('BENJAMIN ROCHA DE OLIVEIRA MARTINS','124903578','LILIAN SPADARO ROSA E SILVA PROFA EMEI','MATERNAL 2 C  INTEGRAL ANUAL','Integral','TEA'),
('LUAN AMARO DAL BEM','125908855','LILIAN SPADARO ROSA E SILVA PROFA EMEI','ETAPA I B MANHÃ ANUAL','Manhã','TEA'),
('ARTHUR FELIPE DOS SANTOS RODRIGUES','124472709','LILIAN SPADARO ROSA E SILVA PROFA EMEI','2ª ETAPA PRÉ-ESCOLA B MANHA ANUAL','Manhã','MULTIPLA FISICA INTELECTUAL TDAH'),
('ANA ISA SOUZA FERNANDES','120014185','LUIS AMARAL MOUSINHO DOM EMEF','4° ANO A MANHA ANUAL','Manhã','DI / TEA'),
('EMERSON SOUSA RIBEIRO','114295039','LUIS AMARAL MOUSINHO DOM EMEF','9º ANO A MANHÃ','Manhã','NÃO ESTA NO MUNICIPIO'),
('ARTHUR COUTINHO ZANATTO','111155023','LUIS AMARAL MOUSINHO DOM EMEF','9° ANO A MANHA ANUAL','Manhã','TEA'),
('ARTHUR GABRIEL CARVALHO LIMA','121958002','LUIS AMARAL MOUSINHO DOM EMEF','4° ANO B MANHA ANUAL','Manhã','TEA'),
('ARTHUR LOPES','122021021','LUIS AMARAL MOUSINHO DOM EMEF','2° ANO A MANHA ANUAL','Manhã','TEA'),
('CATARINA DOS SANTOS BARROS','120558575','LUIS AMARAL MOUSINHO DOM EMEF','4° ANO B MANHA ANUAL','Manhã','TEA'),
('MIGUEL GOTTSCHALL DE MEDEIROS','121179974','LUIS AMARAL MOUSINHO DOM EMEF','3° ANO A MANHA ANUAL','Manhã','FISICA CADEIRANTE'),
('PETRUS RODRIGUES BARROCAL','116740485','LUIS AMARAL MOUSINHO DOM EMEF','5° ANO A MANHA ANUAL','Manhã','TEA'),
('AYLLA MARILIA SOUZA SANTOS','124455178','MARIA APPARECIDA BORGES DE OLIVEIRA BONINI EMEI','MATERNAL II D TARDE','Tarde','TEA'),
('GAELL SOUZA OLIVEIRA DOS SANTOS','124461427','MARIA APPARECIDA BORGES DE OLIVEIRA BONINI PROFA EMEI','1ª ETAPA PRÉ-ESCOLA D MANHA ANUAL','Manhã','TEA'),
('ANTHONY DOMINIC VICTOR NUNES LIMA','122874906','MARIA HELENA BRAGA MONTE SERRAT DOUTORA EMEI','2ª ETAPA PRÉ-ESCOLA B INTEGRAL ANUAL','Integral','FISICA PARALISIA CEREBRAL'),
('LIV MAITE BONFIM LOPES','122584185','MARIA HELENA BRAGA MONTE SERRAT DOUTORA EMEI','2ª ETAPA PRÉ-ESCOLA C MANHA ANUAL','Manhã','SEM DEF. SED'),
('JADE RISSI SEVERINO DOS SANTOS','124489216','MARIA IGNEZ LOPES ROSSI PROFA EMEF','1° ANO B TARDE ANUAL','Tarde','DI / TEA'),
('MELISSA DIAS PALHARES','124489271','MARIA IGNEZ LOPES ROSSI PROFA EMEF','1° ANO A TARDE ANUAL','Tarde','DI / TEA'),
('ALEXANDRE FARIAS MENDONCA','113907698','MARIA IGNEZ LOPES ROSSI PROFA EMEF','9° ANO B MANHA ANUAL','Manhã','TEA / TGD'),
('GABRIELA BASTOS DE LIMA MORETTI','123218261','MARIA IGNEZ LOPES ROSSI PROFA EMEF','4° ANO B TARDE ANUAL','Tarde','SINDROME DE DOWN'),
('LORENZO GABRIEL ASSIS AMOROSO','124633418','MARIA IGNEZ LOPES ROSSI PROFA EMEF','4° ANO A TARDE ANUAL','Tarde','FISICA PARALISIA CEREBRAL'),
('PEDRO CARVALHO FELIX DA SILVA','122078004','MARIA IGNEZ LOPES ROSSI PROFA EMEF','2° ANO A TARDE ANUAL','Tarde',''),
('ROGÉRIO DOS SANTOS GASPAR JÚNIOR','122032231','MARIA IGNEZ LOPES ROSSI PROFA EMEF','2° ANO B TARDE ANUAL','Tarde','TEA'),
('VINÍCIUS FILHO FUCUTA LIMA RODRIGUES','120353508','MARIA IGNEZ LOPES ROSSI PROFA EMEF','6° ANO B MANHA ANUAL','Manhã','DI'),
('ISADORA VITORIA VIANA DA SILVA','122443804','MARIA INES VIEIRA MACHADO EMEF','ETAPA II A INTEGRAL','Integral','TEA INTELECTUAL'),
('LUIZ LAZARO TORRIERI MARTINS','122797622','MARIA INES VIEIRA MACHADO EMEF','1° ANO A MANHA ANUAL','Manhã','DI / TEA'),
('BRUNO CRISTIANO BARBOSA GRACE','121888735','MARIA INES VIEIRA MACHADO EMEF','3° ANO A MANHA ANUAL','Manhã','DI / TEA'),
('LIVIA MANUELLY ALVES SOUZA','121923002','MARIA INES VIEIRA MACHADO EMEF','3° ANO A MANHA ANUAL','Manhã','TEA'),
('LUIZ EDUARDO MARCOLINO DAMIÃO','121300131','MARIA INES VIEIRA MACHADO EMEF','4° ANO E TARDE ANUAL','Tarde','SINDROME DE ASPERGER'),
('ANTHONY GABRIEL NEVES DOS ANJOS','120991597','MARIA INES VIEIRA MACHADO EMEF','3° ANO C TARDE ANUAL','Tarde','TEA INTELECTUAL'),
('MIGUEL MASSON GOUVEIA PINHO','116020962','MARIA INES VIEIRA MACHADO EMEF','4° ANO F TARDE ANUAL','Tarde','TEA'),
('VITOR JOSE DO NASCIMENTO','123331142','MARISTA IR RUI LEOPOLDO DEPINE CENTRO EDUCACIONAL','1° ANO A TARDE ANUAL','Tarde','TEA'),
('ANTHONY GABRIEL DOS SANTOS GONÇALVES','123464501','MARISTA IR RUI LEOPOLDO DEPINE CENTRO EDUCACIONAL','1° ANO A TARDE ANUAL','Tarde','TEA'),
('LORENA SOUZA DE QUEIROZ','123488230','MARISTA IR RUI LEOPOLDO DEPINE CENTRO EDUCACIONAL','1° ANO A TARDE ANUAL','Tarde','TEA'),
('DAVI SOUZA RIBEIRO','124486987','MARLENE JORGE DOS REIS PROFA EMEI','MATERNAL 2 B MANHA ANUAL','Manhã','DI / TEA'),
('NOAH CAMPOS MORAIS SOUZA','125686200','MARLENE JORGE DOS REIS PROFA EMEI','1ª ETAPA PRÉ-ESCOLA E MANHA ANUAL','Manhã','TEA'),
('LUNA VIEIRA PAULINI DE CARVALHO','125840581','MARLENE JORGE DOS REIS PROFA EMEI','1ª ETAPA PRÉ-ESCOLA H TARDE ANUAL','Tarde','DI / TEA'),
('JOAO GABRIEL BUZZO OLIVEIRA AGUIAR','123459767','MARLENE JORGE DOS REIS PROFA EMEI','2ª ETAPA PRÉ-ESCOLA D MANHA ANUAL','Manhã','SEM DEF. SED'),
('MIGUEL SANTHIAGO CLEMENTE DA SILVA','123573117','MARLENE JORGE DOS REIS PROFA EMEI','2ª ETAPA PRÉ-ESCOLA C MANHA ANUAL','Manhã','TEA'),
('ÁGATHA FURTADO DE OLIVEIRA','123831536','MARLENE JORGE DOS REIS PROFA EMEI','1ª ETAPA PRÉ-ESCOLA F TARDE ANUAL','Tarde','TEA'),
('DAVID FRANCISCO DE OLIVEIRA FILHO','124048041','MARLENE JORGE DOS REIS PROFA EMEI','1ª ETAPA PRÉ-ESCOLA E MANHA  ANUAL','Manhã','TEA'),
('MANUELA DA COSTA JANSE','122704450','METROPOLITANA ESCOLA','1° ANO B TARDE ANUAL','Tarde','DI / TEA'),
('DOMINIC FERNANDES IVEZIC','123536059','MIGUEL MUSSI PROF EMEI','1ª ETAPA PRÉ-ESCOLA B MANHA ANUAL','Manhã','TEA'),
('JOÃO FRANCISCO BOMFIM BRAZ','123347036','MIGUEL MUSSI PROF EMEI','2ª ETAPA PRÉ-ESCOLA A MANHA ANUAL','Manhã','TEA'),
('LIVIA DOS SANTOS AMADEU ROBERTO','124905605','MOACIR FIRMINO EMEI','1ª ETAPA PRÉ-ESCOLA B MANHA ANUAL','Manhã','SINDROME DE DOWN'),
('AGATHA ALVES CIFFONI','123318379','MOACIR FIRMINO EMEI','2ª ETAPA PRÉ-ESCOLA C TARDE ANUAL','Tarde',''),
('HENRY MIGUEL FERREIRA DOS SANTOS','123921812','MOACIR FIRMINO EMEI','1ª ETAPA PRÉ-ESCOLA A MANHA ANUAL','Manhã','TEA'),
('VALENTINA PORPHIRIO MARTINS','123708398','MOACIR FIRMINO EMEI','2ª ETAPA PRÉ-ESCOLA A MANHA ANUAL','Manhã','TEA'),
('LEVI MIGUEL MESQUITA DE CARVALHO','123228081','NARCISO NICOLODI IRMAO EMEI','2ª ETAPA PRÉ-ESCOLA A MANHA ANUAL','Manhã','TEA'),
('LUISA DE SOUZA MASTROGIACOMO DOS SANTOS','122473719','NARCISO NICOLODI IRMAO EMEI','2ª ETAPA PRÉ-ESCOLA A MANHA ANUAL','Manhã','TEA'),
('MARCOS MIGUEL VIEIRA BARBOSA','124009936','NEIDE APARECIDA GOLFETTO DE CASTRO PROFA EMEI','ETAPA I C MANHÃ','Manhã','TEA'),
('BERNARDO SILVA OLIVEIRA','123516389','NEIDE APARECIDA GOLFETTO DE CASTRO PROFA EMEI','2ª ETAPA PRÉ-ESCOLA E TARDE ANUAL','Tarde','SEM DEF. SED'),
('KALEB SANTOS FONSECA','123334833','NEIDE APARECIDA GOLFETTO DE CASTRO PROFA EMEI','2ª ETAPA PRÉ-ESCOLA A MANHA ANUAL','Manhã','TEA'),
('ISAAC LEVI SANTOS DA HORA','123678849','NEIDE APPARECIDA GOLFETTO DE CASTRO EMEI','2ª ETAPA PRÉ-ESCOLA B MANHA ANUAL','Manhã','SEM DEF NO SED'),
('LAVINIA DOS SANTOS FARIA','108633465','NELSON MACHADO EMEF','9º ANO C TARDE','Tarde','NÃO ESTA NO MUNICIPIO'),
('ELOA MERCEDES MORETTI DE OLIVEIRA','114322282','NELSON MACHADO EMEF','9° ANO D MANHA ANUAL','Manhã','DI / TEA'),
('GUSTTAVO AGUIAR RODRIGUES','116085440','NELSON MACHADO EMEF','4° ANO B TARDE ANUAL','Tarde','TEA'),
('HENRY VIEIRA BITENCOURT LOURENCO','122075295','NELSON MACHADO EMEF','2° ANO B TARDE ANUAL','Tarde','DI / TEA'),
('JOAO PEDRO DO NASCIMENTO SILVA','121407173','NELSON MACHADO EMEF','3° ANO B TARDE ANUAL','Tarde','DI / TEA'),
('JOAO PEDRO DOS SANTOS CORDEIRO','122706151','NELSON MACHADO EMEF','1° ANO B TARDE ANUAL','Tarde','DI / TEA'),
('GABRIEL SILVA EVANGELISTA','122706034','NELSON MACHADO EMEF','1° ANO B TARDE ANUAL','Tarde','TEA'),
('ARTHUR VINICIUS LIMEIRA DE MENEZES','124513747','NEUZA MICHELUTTI MARZOLA PROFA EMEF','1° ANO B TARDE ANUAL','Tarde','TEA'),
('SAMUEL LOPES FELICIANO','124738745','NEUZA MICHELUTTI MARZOLA PROFA EMEF','1° ANO A MANHA ANUAL','Manhã','TEA'),
('MOISES ALVES CABULON DE LIMA','122383194','NEUZA MICHELUTTI MARZOLA PROFA EMEF','2° ANO A MANHA ANUAL','Manhã','TEA'),
('PIETRO EDUARDO HIGINO DA SILVA','123365173','NEUZA MICHELUTTI MARZOLA PROFA EMEF','1° ANO C TARDE ANUAL','Tarde','TEA INTELECTUAL'),
('ANTONY MIGUEL SILVA VASCONCELOS','123475790','NEUZA MICHELUTTI MARZOLA PROFA EMEF','2° ANO A MANHA ANUAL','Manhã','TEA'),
('ISADORA COSTA SILVEIRA','116570199','NEUZA MICHELUTTI MARZOLA PROFA EMEF','7° ANO B TARDE ANUAL','Tarde','SINDROME DE DOWN'),
('LAUREN DO NASCIMENTO ORTIZ FRANCALINO','115364517','NEUZA MICHELUTTI MARZOLA PROFA EMEF','6° ANO B MANHA ANUAL','Manhã','TEA'),
('MATHEUS HENRIQUE ROSA GONCALVES','111431912','NEUZA MICHELUTTI MARZOLA PROFA EMEF','8° ANO B MANHA ANUAL','Manhã','DI / TEA'),
('FILIPE DOS SANTOS RODRIGUES','121383234','NEUZA MICHELUTTI MARZOLA PROFA EMEF','4° ANO B MANHA ANUAL','Manhã','TEA'),
('ISABELY ASSUNÇÃO DOS SANTOS','116446921','NEUZA MICHELUTTI MARZOLA PROFA EMEF','8° ANO A MANHA ANUAL','Manhã','SINDROME DE DOWN'),
('RAFAEL GELFUSO RAIZ','121831805','NEUZA MICHELUTTI MARZOLA PROFA EMEF','2° ANO D TARDE ANUAL','Tarde','TEA'),
('PEDRO PIMENTA DE SANTANA MARQUES','122569812','NEUZA MICHELUTTI MARZOLA PROFA EMEF','3° ANO A MANHA ANUAL','Manhã','TEA'),
('HENRIQUE DOS SANTOS CABRERA','121095184','NEUZA MICHELUTTI MARZOLA PROFA EMEF','4° ANO B MANHA ANUAL','Manhã','TEA'),
('RUAN GABRIEL MAIA ROQUE','116002669','NEUZA MICHELUTTI MARZOLA PROFA EMEF','6° ANO C TARDE ANUAL','Tarde','TEA/TOD/TDAH'),
('VINICIUS BORGES GOMES','123545032','NICOLAU DINAMARCO SPINELLI DR EMEI','2ª ETAPA PRÉ-ESCOLA B MANHA ANUAL','Manhã','DI / TEA'),
('DANIEL DE OLIVEIRA ALVES','116099089','PAULO FREIRE PROF EMEF','4° ANO A MANHA ANUAL','Manhã',''),
('DAVI YAGO DO NASCIMENTO GONÇALVES','116376712','PAULO FREIRE PROF EMEF','5° ANO A MANHA ANUAL','Manhã','DI'),
('GUSTAVO HENRIQUE SALGADO','115127193','PAULO FREIRE PROF EMEF','6° ANO B TARDE ANUAL','Tarde','TEA'),
('LEONARDO SOARES SILVA','115514119','PAULO FREIRE PROF EMEF','8° ANO A MANHA ANUAL','Manhã','DI'),
('ISAAC BARBOSA DOS SANTOS','121301688','PAULO FREIRE PROF EMEF','2° ANO C TARDE ANUAL','Tarde','DI / TEA'),
('LORENA BEATRIZ CABAS RUIZ','124307832','PAULO FREIRE PROF EMEF','2° ANO D TARDE ANUAL','Tarde','DI'),
('LUCAS HENRIQUE DE SOUZA','113363479','PAULO FREIRE PROF EMEF','7° ANO A MANHA ANUAL','Manhã','FISICA PARALISIA CEREBRAL'),
('MIGUEL LEONARDO SILVA REIS','124307848','PAULO FREIRE PROF EMEF','2° ANO A MANHA ANUAL','Manhã','DI / TEA'),
('MIGUEL LOURENÇO BARROS','120834667','PAULO FREIRE PROF EMEF','3° ANO A MANHA ANUAL','Manhã','FISICA PARALISIA CEREBRAL'),
('NIKOLAS HENRIQUE CARDOSO','116703602','PAULO FREIRE PROF EMEF','5° ANO A MANHA ANUAL','Manhã','TEA'),
('PAULO MALAFAIA BRUNELLI CAMPOS','116042907','PAULO FREIRE PROF EMEF','7° ANO C TARDE ANUAL','Tarde','TEA'),
('MARCELO LEONARDO NUNES MARIGHETI','113175161','PAULO FREIRE PROF EMEF','7° ANO B MANHA ANUAL','Manhã','DI / TEA'),
('LEONAN BENICIO SILVA SANTOS','124512253','PAULO HENRIQUE DE SOUZA EMEI','2ª ETAPA PRÉ-ESCOLA B INTEGRAL ANUAL','Integral','SEM DEF NO SED'),
('THEO ULISSES SILVEIRA SOARES','121749705','PAULO MONTE SERRAT FILHO PROF DR EMEF','1° ANO A MANHA ANUAL','Manhã','TEA'),
('BENJAMIN NARDELLI MOREIRA ALVES','121988232','PAULO MONTE SERRAT FILHO PROF DR EMEF','1° ANO A MANHA ANUAL','Manhã','TEA'),
('LIZ RIGUETTO RIBEIRO','125694939','PAULO MONTE SERRAT FILHO PROF DR EMEF','1° ANO C TARDE ANUAL','Tarde','DI / TEA'),
('VYCTOR HUGO MELO DE ARAUJO','114300133','PAULO MONTE SERRAT FILHO PROF DR EMEF','6° ANO C TARDE ANUAL','Tarde','DESENVOLVIMENTO NEUROPSICOMOTOR'),
('RIAN PEREIRA ANDRADE','121379671','PAULO MONTE SERRAT FILHO PROF DR EMEF','5° ANO C TARDE ANUAL','Tarde','SEM DEF NO SED'),
('AMAYA MARTINS DE MOURA','124371529','PAULO MONTE SERRAT FILHO PROF DR EMEF','2° ANO A MANHA ANUAL','Manhã','SEM DEF. SED'),
('ANTONY INVERNISE','123540049','PAULO MONTE SERRAT FILHO PROF DR EMEF','3° ANO C TARDE ANUAL','Tarde',''),
('BERNARDO CABRAL RIBEIRO','122006906','PAULO MONTE SERRAT FILHO PROF DR EMEF','2° ANO A MANHA ANUAL','Manhã','TEA'),
('BRYAN KEVEN MARQUES BOMFIM','120054079','PAULO MONTE SERRAT FILHO PROF DR EMEF','5° ANO A MANHA ANUAL','Manhã','DI'),
('DAVI LUKAS SACCUMAN','116580169','PAULO MONTE SERRAT FILHO PROF DR EMEF','4° ANO B MANHA ANUAL','Manhã','DI'),
('EDGAR CORNELIO MATEUS','112670417','PAULO MONTE SERRAT FILHO PROF DR EMEF','9° ANO B MANHA ANUAL','Manhã','TEA'),
('ESMAEL PEDRO LEANDRO LOPES','122095979','PAULO MONTE SERRAT FILHO PROF DR EMEF','3° ANO C TARDE ANUAL','Tarde','TEA'),
('JOAQUIM FERNANDES CAMPOS','122036301','PAULO MONTE SERRAT FILHO PROF DR EMEF','2° ANO A MANHA ANUAL','Manhã','TEA'),
('LORENZO MARQUES DE FARIA','122450695','PAULO MONTE SERRAT FILHO PROF DR EMEF','2° ANO B MANHA ANUAL','Manhã','SEM DEF. SED'),
('MATHEUS LIMA VIEIRA','116005391','PAULO MONTE SERRAT FILHO PROF DR EMEF','6° ANO B TARDE ANUAL','Tarde','TEA'),
('MURILO BENÍSIO ROCHA DE SOUZA','113845689','PAULO MONTE SERRAT FILHO PROF DR EMEF','9° ANO A MANHA ANUAL','Manhã','TEA'),
('RODRIGO DE SENA DIAS','121823023','PAULO MONTE SERRAT FILHO PROF DR EMEF','3° ANO A MANHA ANUAL','Manhã','TEA'),
('WILLIAM NICOLAS PEREIRA DE SOUZA','122063206','PAULO MONTE SERRAT FILHO PROF DR EMEF','3° ANO C TARDE ANUAL','Tarde','TEA'),
('SAMUEL LUCCA RIBEIRO DA SILVA','123112306','RAUL MACHADO PROF EMEF','3º ANO B MANHÃ','Manhã','TDAH'),
('NICOLAS JEREMIAS ARAUJO DE CARVALHO','124515127','PEDRO DE OLIVEIRA SANTOS EMEI','2ª ETAPA PRÉ-ESCOLA B MANHA ANUAL','Manhã','TEA'),
('NOAH FRANCISCO DE SOUZA MEDEIROS','123372293','PROFESSOR LAURO BIGÉLLI','1° ANO B TARDE ANUAL','Tarde','TEA'),
('HELENA VITÓRIA NUNES SILVA','122079241','PROFESSOR LAURO BIGÉLLI','1º ANO A MANHA ANUAL','Manhã','TEA'),
('LÍVIA CRUZ DE LIMA','122779605','RAUL MACHADO PROF EMEF','1° ANO B MANHA ANUAL','Manhã','TEA'),
('BENÍCIO BECARO SCARDELLATO','121435755','RAUL MACHADO PROF EMEF','2° ANO E TARDE ANUAL','Tarde','INTELECTUAL'),
('DAVI LUCCA VICENTE DELINE','121235407','RAUL MACHADO PROF EMEF','3° ANO C TARDE ANUAL','Tarde','TEA'),
('DAVI RODRIGUES DA SILVA','122151340','RAUL MACHADO PROF EMEF','3° ANO E TARDE ANUAL','Tarde','TEA'),
('ENZO MARZOLA POLETTO CAMPOS','120534023','RAUL MACHADO PROF EMEF','5° ANO D TARDE ANUAL','Tarde','TEA'),
('HELENA ALVES DE OLIVEIRA','122758409','RAUL MACHADO PROF EMEF','2° ANO C MANHA ANUAL','Manhã','FISICA PARALISIA CEREBRAL'),
('HELENA APARECIDA PEREIRA MEDEIROS','121897668','RAUL MACHADO PROF EMEF','4° ANO A MANHA ANUAL','Manhã','FISICA CADEIRANTE'),
('LUCAS DURAN MEDEIROS GOMES','124008076','RAUL MACHADO PROF EMEF','3° ANO B MANHA ANUAL','Manhã','TEA'),
('HENRI HERAS AEISSAME VICENTE','121553291','RAUL MACHADO PROF EMEF','4° ANO D TARDE ANUAL','Tarde','SINDROME DE DOWN'),
('MANUELLA MATTOS DE BRITO SCHILLING','122104730','RAUL MACHADO PROF EMEF','4° ANO B MANHA ANUAL','Manhã','SINDROME DE DOWN'),
('MARIA CECILIA DOS SANTOS GUNELA','123376024','RAUL MACHADO PROF EMEF','3° ANO B MANHA ANUAL','Manhã','SINDROME DE DOWN'),
('MARIA HELENA ALBA DE BARROS','123047304','RAUL MACHADO PROF EMEF','5° ANO B MANHA ANUAL','Manhã','MULTIPLA FISICA OUTRAS / DI'),
('MARIA AUGUSTA AVERSANI NAOZUKA','123967223','RAUL MACHADO PROF EMEF','3° ANO D TARDE ANUAL','Tarde','FISICA PARALISIA CEREBRAL'),
('RAFAEL RODRIGUES TORRES','122269067','RAUL MACHADO PROF EMEF','3° ANO E TARDE ANUAL','Tarde','SEM DEF. SED'),
('SAMUEL BENJAMIN MALHEIRO OLIVEIRA','115863346','RAUL MACHADO PROF EMEF','5° ANO B MANHA ANUAL','Manhã','MULTIPLA FISICA OUTROS DI TEA'),
('SAMUEL FERNANDO BATISTA DAVID','122143060','RAUL MACHADO PROF EMEF','2° ANO D TARDE ANUAL','Tarde','TEA'),
('RENAN MORELLI DA SILVA','125266299','ROBERTO AFONSO PONTES EMEI','1ª ETAPA PRÉ-ESCOLA C TARDE ANUAL','Tarde','TEA INTELECTUAL'),
('NICOLAS DE VASCONCELOS VIEIRA CARNEIRO','123572127','RUY ESCOREL FERREIRA SANTOS DR EMEI','2ª ETAPA PRÉ-ESCOLA D INTEGRAL ANUAL','Integral','TEA'),
('BENICIO GAEL DE ALMEIDA','124065164','RUY ESCOREL FERREIRA SANTOS DR EMEI','2ª ETAPA PRÉ-ESCOLA A INTEGRAL ANUAL','Integral','TEA'),
('MIGUEL MOREIRA AVELINO DA SILVA','120865704','SALVADOR MARTURANO PROF EMEF','2° ANO D TARDE ANUAL','Tarde','TEA INTELECTUAL'),
('JOÃO MIGUEL DA SILVA SANTANA','121292514','SALVADOR MARTURANO PROF EMEF','4° ANO C MANHA ANUAL','Manhã','SINDROME DE DOWN'),
('ENZO GABRIEL VICENTE DE SOUZA','123690705','SALVADOR MARTURANO PROF EMEF','1° ANO D TARDE ANUAL','Tarde','TEA'),
('UILLIAM HENRIQUE ROSARIO DE FREITAS','122830450','SALVADOR MARTURANO PROF EMEF','1° ANO C MANHA ANUAL','Manhã','TEA'),
('DAVID MIGUEL DE OLIVEIRA PINHEIRO RODRIGUES','121408066','SALVADOR MARTURANO PROF EMEF','4° ANO F TARDE ANUAL','Tarde','DI / TEA'),
('GABRIEL ALVES BALDOINO','120901007','SALVADOR MARTURANO PROF EMEF','4° ANO B MANHA ANUAL','Manhã','DI / TEA'),
('GABRIEL FERREIRA SPINELLI','122454280','SALVADOR MARTURANO PROF EMEF','2° ANO A MANHA ANUAL','Manhã','DI / TEA'),
('MARIA FERNANDA ALVES LUZ','121859056','SALVADOR MARTURANO PROF EMEF','5° ANO D TARDE ANUAL','Tarde','TEA INTELECTUAL'),
('CRISTAL AGUILERA ANASTACIO','123442619','SALVADOR MARTURANO PROF EMEF','2° ANO C TARDE ANUAL','Tarde','TEA'),
('GUSTAVO HENRIQUE RODRIGUES DA SILVA','122269080','SALVADOR MARTURANO PROF EMEF','2° ANO D TARDE ANUAL','Tarde','SEM DEF. SED'),
('PEDRO HENRIQUE DOS SANTOS LINHARES','122033238','SALVADOR MARTURANO PROF EMEF','2° ANO B MANHA ANUAL','Manhã','DI'),
('PEDRO HENRIQUE SILVA MENDES','120877660','SALVADOR MARTURANO PROF EMEF','5° ANO E TARDE ANUAL','Tarde','SURDEZ LEVE OU MODERADA'),
('HELENA GALDINO MOBIGLIA MARQUES','123830916','SANTA MARIA GORETTI EMEI','2ª ETAPA PRÉ-ESCOLA B MANHA ANUAL','Manhã','TEA'),
('AURORA YOHANNA RODRIGUES TEIXEIRA','125170241','SANTA MARIA GORETTI EMEI','2ª ETAPA PRÉ-ESCOLA E TARDE ANUAL','Tarde','TEA'),
('ISAAC RUSTICI BERGER','124048413','SANTA MARIA GORETTI EMEI','2ª ETAPA PRÉ-ESCOLA E TARDE ANUAL','Tarde','TEA'),
('ESTER FURLAN','125408099','SEBASTIAO DE AGUIAR AZEVEDO I EMEF','1° ANO E TARDE ANUAL','Tarde','SINDROME DE DOWN'),
('HEITOR JUNIOR RODRIGUES ARAUJO','124513803','SEBASTIAO DE AGUIAR AZEVEDO I EMEF','1° ANO A MANHA ANUAL','Manhã','MULTIPLA FISICA /DI'),
('MATHEUS RODRIGUES OTOBONI','125151104','SEBASTIAO DE AGUIAR AZEVEDO I EMEF','1° ANO E TARDE ANUAL','Tarde','SINDROME DE DOWN'),
('BENJAMIM ANTHONY ERNESTO DIAS','123332383','SEBASTIAO DE AGUIAR AZEVEDO I EMEF','1° ANO C MANHA ANUAL','Manhã','TEA'),
('ALANA AMÉLIA APARECIDA NOGUEIRA DA COSTA','116605513','SEBASTIAO DE AGUIAR AZEVEDO I EMEF','4º ANO A TARDE ANUAL','Tarde','DEFICIENCIA INTELECTUAL'),
('GUSTAVO LUIS DA SILVA','120200637','SEBASTIAO DE AGUIAR AZEVEDO I EMEF','4° ANO A MANHA ANUAL','Manhã','TEA'),
('LORENZO HENRIQUE SILVA','120951102','SEBASTIAO DE AGUIAR AZEVEDO I EMEF','2° ANO A MANHA ANUAL','Manhã','DI / TEA'),
('JOÃO FRANCISCO DE ASSIS','122089310','SEBASTIAO DE AGUIAR AZEVEDO I EMEF','3° ANO E TARDE ANUAL','Tarde','TEA'),
('MARCOS GUILHERME DO NASCIMENTO','116187686','SEBASTIAO DE AGUIAR AZEVEDO I EMEF','4° ANO D TARDE ANUAL','Tarde','TEA'),
('VITOR HUGO GOMES CARDOSO DE SOUZA','120840719','SEBASTIAO DE AGUIAR AZEVEDO I EMEF','2º ANO C TARDE ANUAL','Tarde','TEA'),
('VITOR MATEUS SILVA NASCIMENTO LARA','120766145','SEBASTIAO DE AGUIAR AZEVEDO I EMEF','4° ANO D TARDE ANUAL','Tarde','MULTIPLA'),
('YAGO RODRIGO BRANDAO BOUCAS','120878032','SEBASTIAO DE AGUIAR AZEVEDO I EMEF','3° ANO B MANHA ANUAL','Manhã','TEA'),
('NOAH EVANGELISTO DE SOUZA SANTOS','123505657','SEBASTIAO DE AGUIAR AZEVEDO I EMEF','1° ANO B TARDE ANUAL','Tarde','TEA'),
('KAUE HENRIQUE SIQUEIRA OLIVEIRA','122012464','SEBASTIAO DE AGUIAR AZEVEDO I EMEF','2º ANO C TARDE ANUAL','Tarde','MULTIPLA FISICA CADEIRANTE / DI'),
('JOÃO MIGUEL DE PAULA CANHAS','120052039','SEBASTIÃO DE AGUIAR AZEVEDO I EMEF','4° ANO C TARDE ANUAL','Tarde','TEA'),
('KAUAN DOS ANJOS DA SILVA','123603000','SEBASTIÃO DE AGUIAR AZEVEDO I EMEF','2° ANO F TARDE ANUAL','Tarde','SEM DEF. SED'),
('EMANOEL HENRIQUE DA SILVEIRA GIACOMASSI','121025263','SEBASTIAO DE AGUIAR AZEVEDO UNIDADE II EMEF','6° ANO E TARDE ANUAL','Tarde','DI'),
('GUSTAVO ALEXANDRE CUSTODIO DE CARVALHO','122140840','SEBASTIAO DE AGUIAR AZEVEDO UNIDADE II EMEF','6° ANO E TARDE ANUAL','Tarde','MULTIPLA FISICA /DI'),
('PHILIPE DE SOUZA CRISTINO','120136171','SEBASTIAO DE AGUIAR AZEVEDO UNIDADE II EMEF','6° ANO D TARDE ANUAL','Tarde','DI / TEA'),
('ARTHUR HENRIQUE DOS REIS DE ANDRÉA','113384892','SEBASTIAO DE AGUIAR AZEVEDO UNIDADE II EMEF','8° ANO D MANHA ANUAL','Manhã','TEA'),
('GABRIEL HENRIQUE VIEIRA DOS SANTOS','112193348','SEBASTIAO DE AGUIAR AZEVEDO UNIDADE II EMEF','8° ANO D MANHA ANUAL','Manhã','TEA'),
('ISAAC PEREIRA  GOMES SILVA','122420906','SÓCRATES BRASILEIRO','1º ANO A TARDE','Tarde',''),
('RAFAEL ROCHA ALEXANDRE','114701078','SEBASTIAO DE AGUIAR AZEVEDO UNIDADE II EMEF','9° ANO B MANHA ANUAL','Manhã','SINDROME DE DOWN'),
('BRUNO HENRIQUE GONCALVES CAMARGO','124953113','TERESA HENDRICA ANTONISSEN EMEI','2ª ETAPA PRÉ-ESCOLA A MANHA ANUAL','Manhã','TEA'),
('SARA HELENA FERREIRA PIMENTEL','124638241','TERESA HENDRICA ANTONISSEN EMEI','1ª ETAPA PRÉ-ESCOLA E TARDE ANUAL','Tarde','TEA'),
('ANA SOPHIA BRANDAO SOUSA','123492489','TERESA HENDRICA ANTONISSEN EMEI','2ª ETAPA PRÉ-ESCOLA C MANHA ANUAL','Manhã','TEA'),
('JOSE MARIO DE OLIVEIRA NUNES COSTA','123319930','VEIGA DE MIRANDA MINISTRO','1º ANO A MANHA ANUAL','Manhã','TEA'),
('MARINA MEDA DE MELO','122751542','VEIGA DE MIRANDA MINISTRO','1º ANO B TARDE ANUAL','Tarde','FISICA OUTROS'),
('CECÍLIA PASKAKULIS','125628321','VINTE E CINCO DE DEZEMBRO LAR ESCOLA DA CRIANCA','MATERNAL 2 G INTEGRAL ANUAL','Integral','SEM DEF NO SED'),
('PYETRO LEITE DE CASTRO','126180234','TERESA HENDRICA ANTONISSEN EMEI','MATERNAL 2 G INTEGRAL  ANUAL','Integral','TEA'),
('ARTHUR VIEIRA BRANDÃO','122379343','VIRGILIO SALATA EMEF','2° ANO D TARDE ANUAL','Tarde','DI/ TEA'),
('AYLLA MIRELLI RAMOS DAS DORES','122059126','VIRGILIO SALATA EMEF','2° ANO A MANHA ANUAL','Manhã','DI / TEA'),
('ISAAC RIBEIRO FARIA DA SILVA','122131349','VIRGILIO SALATA EMEF','1° ANO B TARDE ANUAL','Tarde','TEA'),
('SAMYRA BEATRIZ MARQUES BERALDO','122871220','VIRGILIO SALATA EMEF','1° ANO E TARDE ANUAL','Tarde','FISICA CADEIRANTE / TEA'),
('ISAAC ANTÔNIO ALVES RODRIGUES','122563802','VIRGILIO SALATA EMEF','1° ANO E TARDE ANUAL','Tarde','TEA'),
('DAVI LUCAS SOUSA SILVA','124165932','VIRGILIO SALATA EMEF','4° ANO D TARDE ANUAL','Tarde','DI / TEA'),
('ARTHUR TIAGO GASPAR MOURA','121290356','VIRGILIO SALATA EMEF','6º ANO B TARDE ANUAL','Tarde','DI / TEA'),
('ATHOS PAES DE BARROS LACERDA','122558704','VIRGILIO SALATA EMEF','3º ANO A MANHÃ ANUAL','Manhã','TEA'),
('BERNARDO SELINGARDI MATHIAS','121528945','VIRGILIO SALATA EMEF','3º ANO C TARDE ANUAL','Tarde','TEA'),
('DAVI BORGES SIQUEIRA HENRIQUES','121410763','VIRGILIO SALATA EMEF','4º ANO B MANHÃ ANUAL','Manhã','TEA'),
('FABIO MIGUEL BUOSI BASTOS','122083737','VIRGILIO SALATA EMEF','4º ANO C TARDE ANUAL','Tarde','FISICA PARALISIA CEREBRAL'),
('LUAN HENRIQUE MENDONÇA DA SILVA','116006283','VIRGILIO SALATA EMEF','5º ANO C TARDE ANUAL','Tarde','TEA'),
('LUCAS FERREIRA POLLO','122110648','VIRGILIO SALATA EMEF','2º ANO A MANHÃ ANUAL','Manhã','DI / TEA'),
('LUCAS HENRIQUE MENDONÇA DA SILVA','116006236','VIRGILIO SALATA EMEF','5º ANO D TARDE ANUAL','Tarde','TEA'),
('LUIS ANTONIO FERREIRA POLLO','122146744','VIRGILIO SALATA EMEF','3º ANO A MANHÃ ANUAL','Manhã','DI / TEA'),
('MARIA LUIZA NASCIMENTO BATISTA','121319676','VIRGILIO SALATA EMEF','4º ANO D TARDE ANUAL','Tarde','FISICA OUTROS'),
('VINICIUS GABRIEL DOS SANTOS SOUZA','108985054','VIRGILIO SALATA EMEF','9º ANO B MANHÃ ANUAL','Manhã','TEA'),
('PEDRO HENRIQUE SILVA BARRETO','113817433','VIRGILIO SALATA EMEF','9º ANO B MANHÃ ANUAL','Manhã','TEA'),
('ARTHUR GABRIEL DA SILVA MATOS','114290419','VIRGILIO SALATA EMEF','7º ANO B MANHÃ ANUAL','Manhã','DI / TEA'),
('FELIPE CALEB COURA DAMASCENO','115153944','VIRGILIO SALATA EMEF','8º ANO C MANHÃ ANUAL','Manhã','TEA'),
('LUCAS FELIPE DE OLIVEIRA LIMA','115970848','VIRGILIO SALATA EMEF','6° ANO A MANHA ANUAL','Manhã','TEA'),
('LUIZ HENRIQUE FERREIRA SILVA','122449404','VIRGILIO SALATA EMEF','3° ANO A MANHA ANUAL','Manhã','TEA'),
('LORENZO SILVA FABBRIS','122703769','VIRGILIO SALATA EMEF','2° ANO A MANHA ANUAL','Manhã','TEA'),
('GAEL HENRY NUNES IGNACIO DE BARROS','126478346','VITOR YOUSSEF DARKOUBI CEI','MATERNAL I F INTEGRAL','Integral','TEA'),
('JOSÉ MIGUEL GALANTE GUALBERTO','122052262','WALDEMAR ROBERTO PROFESSOR DOUTOR EMEF','3° ANO B MANHÃ ANUAL','Manhã','DI/TEA'),
('ANA LETICIA OLIVEIRA KLEMP','116001007','WALDEMAR ROBERTO PROFESSOR DOUTOR EMEF','4° ANO B MANHA ANUAL','Manhã','DI/ MULTIPLA FISICA INTELECTUAL'),
('YASMIN DA SILVA COSTA','116007401','WALDEMAR ROBERTO PROFESSOR DOUTOR EMEF','6° ANO A MANHA ANUAL','Manhã','RETARDO MENTAL LEVE'),
('ANA LUIZA DIAS BRAGGION','122376016','WALDEMAR ROBERTO PROFESSOR DOUTOR EMEF','2º ANO A MANHÃ','Manhã','TEA'),
('ARTHUR AUGUSTO PIRES DE ALMEIDA','123488735','WANDA PRINCIVALLI MARCAL EMEI','2ª ETAPA PRÉ-ESCOLA E TARDE ANUAL','Tarde','MULTIPLA/ SURDEZ SEVERA PROFUNDA / DI / TEA'),
('ELOA SANTEJO DOS ANJOS','124137621','WANDA PRINCIVALLI MARCAL EMEI','2ª ETAPA PRÉ-ESCOLA C MANHA ANUAL','Manhã','DI / TEA'),
('MIGUEL SENA DE OLIVEIRA BORRHER','124476745','WANDA PRINCIVALLI MARCAL EMEI','2ª ETAPA PRÉ-ESCOLA A MANHA ANUAL','Manhã','DI / TEA'),
('RAVI FREITAS DOS SANTOS','125637937','WANDA PRINCIVALLI MARCAL EMEI','2ª ETAPA PRÉ-ESCOLA B MANHA ANUAL','Manhã','MULTIPLA FISICA CADEIRANTE DI'),
('LUCAS GUSTAVO SANTOS DA SILVA','122456379','WANDA PRINCIVALLI MARCAL EMEI','2ª ETAPA PRÉ-ESCOLA D TARDE ANUAL','Tarde','TEA INTELECTUAL'),
('LAURA GABRIELLY SANTOS DA SILVA','122456545','WANDA PRINCIVALLI MARCAL EMEI','2ª ETAPA PRÉ-ESCOLA G TARDE ANUAL','Tarde','TEA INTELECTUAL'),
('HEITOR PEREIRA CAMPOS','125034180','WANDA PRINCIVALLI MARCAL EMEI','2ª ETAPA PRÉ-ESCOLA C MANHA ANUAL','Manhã','TEA INTELECTUAL'),
('VITOR HUGO COELHO DA SILVA','124300759','WILSON ROSELINO DR EMEI','2ª ETAPA A INTEGRAL ANUAL','Integral','TEA'),
('ANA LIVIA SILVA DIAS','121836201','','','-','NÃO ESTA NO MUNICIPIO'),
('DERYK MARTINS DE SOUZA SANTOS','113435852','','','-','NÃO ESTA NO MUNICIPIO'),
('ERICK MILLER SORGE CASTRO','104629307','','','-','NÃO ESTA NO MUNICIPIO'),
('FABRICIO ADRIANO BORGES','113340114','','','-','NÃO ESTA NO MUNICIPIO'),
('JOÃO MARCOS SATO DOS SANTOS','121075517','','','-','NÃO ESTA NO MUNICIPIO'),
('JULIA TORMENA MATEUS','121981211','','','-','NÃO ESTA NO MUNICIPIO'),
('LINDA MARIA LEITE DA SILVA','122087393','','','-','NÃO ESTA NO MUNICIPIO'),
('LUCAS MIOTTI CORREA','110893382','','','-','NÃO ESTA NO MUNICIPIO'),
('MAGNO BENJAMIN RAMIRES AZEVEDO TEIXEIRA','123540420','','','-','NÃO ESTA NO MUNICIPIO'),
('MARCOS MIGUEL VIEIRA BARBOSA','124009936','','','-','NÃO ESTA NO MUNICIPIO'),
('MARIA CECILIA LOCCE CAMPANHOLI','121629953','','','-','NÃO ESTA NO MUNICIPIO'),
('MARIA EUNICE MARIUZZO SILVERIO','121538452','','','-','NÃO ESTA NO MUNICIPIO'),
('MATHEUS KRUGNER PORTO BARON','123681394','','','-','NÃO ESTA NO MUNICIPIO'),
('MIGUEL DA SILVA FERREIRA','121583754','','','-','NÃO ESTA NO MUNICIPIO'),
('NICOLAS JESUS MARIO FERRO','114218979','','','-','NÃO ESTA NO MUNICIPIO'),
('SARAH SANTOS AKABOCI','111271075','','','-','NÃO ESTA NO MUNICIPIO'),
('TAYLOR FELIPE DEXTRO ROCHA','122034317','','','-','NÃO ESTA NO MUNICIPIO'),
('NOAH DAIGO OTSUKA','123830918','RAUL MACHADO PROF EMEF','1º ANO E TARDE','Tarde','TEA - NIVEL 2'),
('ÍTALO SANTOS VEIGA','123359698','MIGUEL MUSSI PROF EMEI','EATAPA II B MANHÃ','Manhã','TEA - NIVEL 3'),
('BENICIO HENRIQUE VILAS BOAS RAMOS','123330502','HILDA MARIA SOBRAL BARBOSA MANDARINO EMEI','EATAPA I D TARDE','Tarde','TEA - NIVEL 2'),
('HEITOR SOARES DOS SANTOS','123712447','SEBASTIAO DE AGUIAR AZEVEDO EMEF','1º ANO C MANHA','Manhã','TEA - NIVEL 1'),
('DAVI BERNARDO OLIVEIRA LIMA MACHADO','123607333','HILDA MARIA SOBRAL BARBOSA MANDARINO EMEI','ETAPA I B MANHA','Manhã','TEA - NIVEL 2'),
('NATHAN CARDOSO DOS SANTOS','124374032','EPONINA DE BRITTO ROSSETO EMEF','3º ANO A TARDE','Tarde','TEA - NIVEL 2'),
('DAVI LUCCA VIANA ARAUJO','123549827','EDUARDO ROMUALDO DE SOUZA PROF EMEF','1º ANO D TARDE','Tarde','TEA - NIVEL 2'),
('KALEB RODRIGUES DE OLIVEIRA SANTOS','122421852','NEUZA MICHELUTTI MARZOLA PROFA EMEF','1º ANO C TARDE','Tarde','TEA - NIVEL 2'),
('BENTO BALEEIRO SILVA','123946324','AMELIA SOFIA RODRIGUES DA COSTA EMEI','ETAPA 2 A - MANHÃ','Manhã','TEA - NIVEL 3'),
('ÍSIS VITORIA PAIXÃO','126060476','JOÃO DA CRUZ MOREIRA CEI','MATERNAL 2 A - INTEGRAL','Integral','TEA - NIVEL 3'),
('BENJAMIN HENRIQUE DOS SANTOS','123203073','GERALDA DE SOUZA ESPIN EMEF','1º ANO A - MANHÃ','Manhã','TEA -  NIVEL 1'),
('MARIA ISABELLY ALBUQUERQUE CAVALCANTE','123915444','PAULO MONTE SERRAT FILHO PROF DR EMEF','2º ANO C - TARDE','Tarde','TEA - NIVEL 3'),
('ENZO GABRIEL ROCHA MONTEIRO DA SILVA','112274558','EDUARDO ROMUALDO DE SOUZA PROF EMEF','8º ANO B MANHÃ','Manhã','TEA - NIVEL 2'),
('LORENZO PERES GARCIA','122393501','ANISIO TEIXEIRA PROF EMEF','1º ANO B TARDE','Tarde','TEA - NIVEL 2'),
('LORENA DE OLIVEIRA DADERIO MACHADO','125711746','JOSE PEDRO MOREIRA EMEI','ETAPA I K TARDE','Tarde','TEA - NIVEL 3'),
('BRUNO HENRIQUE MAGALHAES DOS SANTOS','125896649','TERESA HENDRICA ANTONISSEN EMEI','MATERNAL II B INTEGRAL','Integral','TEA - NIVEL 1'),
('ANTHONY CUSTODIO DOS SANTOS','120767298','LUIS DO AMARAL MOUSINHO EMEF','3º ANO D TARDE','Tarde','TEA - NIVEL 1'),
('THOMAZ CUSTODIO DOS SANTOS','120767348','LUIS DO AMARAL MOUSINHO EMEF','3º ANO D TARDE','Tarde','TEA - NIVEL 1'),
('VALENTINA CUSTODIO DOS SANTOS','120767274','LUIS DO AMARAL MOUSINHO EMEF','3º ANO D TARDE','Tarde','TEA - NIVEL 1'),
('WELLINGTON VINICIUS DE SOUSA VITÓRIO','124141675','ROBERTO AFONSO PONTES EMEI','ETAPA II E TARDE','Tarde','TEA - NIVEL 3'),
('MIGUEL DELOQUE BUZOLO','124935896','MODELO MARINCEK CEI','MATERNAL II G - INTEGRAL','Integral','TEA - NIVEL 3'),
('BENICIO MANOEL DE SOUZA ROCHA','125043823','LEONOR MERTÍLIA COSTA CEI','MATERNAL II E - INTEGRAL','Integral','TEA - NIVEL 1'),
('HEITOR DE OLIVEIRA BOA SORTE','125205643','RAUL MACHADO PROF EMEF','1º ANO C - MANHÃ','Manhã','TEA - NIVEL 2'),
('GUILHERME DOS SANTOS REIS COSTA','124455036','MARIA APPARECIDA BORGES DE OLIVEIRA BONINI EMEI','ETAPA I G - TARDE','Tarde','TEA - NIVEL 3'),
('BERNARDO MIGUEL BIGHETTI PEREIRA','123516338','MARIA HELENA BRAGA MONTE SERRAT EMEI','ETAPA 2 C - MANHÃ','Manhã','TEA -  NIVEL 3'),
('ANTHONY SOUZA SILVA','124458564','DOUTOR JOSÉ ROBERTO FELICIO EMEI','ETAPA I B - MANHÃ','Manhã','SURDEZ LEVE MODERADA'),
('JOÃO VICTOR APARECIDO GERMANO','112106922','ELISA DUBOC GARCIA EMEF','8º ANO C TARDE','Tarde','FISICA  - INTELECTUAL - MULTIPLA'),
('PEDRO HENRIQUE DA SILVA','120152172','GERALDA DE SOUZA ESPIN EMEF','4º ANO B - MANHÃ','Manhã','TDAH'),
('LARA EMANUELLY RODRIGUES DOS SANTOS','125455277','HILDA MOSCA EMEI','MATERNAL 2 F - INTEGRAL','Integral','TEA - NIVEL 1'),
('NOAH DAIGO OTSUKA','123830918','RAUL MACHADO EMEF','1º ANO E - TARDE','Tarde','TEA - NIVEL 2'),
('BENJAMIN RODRIGUES SIQUEIRA','123547730','MIGUEL MUSSI PROF EMEI','ETAPA II B - MANHÃ','Manhã','TEA - NIVEL 2'),
('EMANUEL RODRIGUES SIQUEIRA','123547695','MIGUEL MUSSI PROF EMEI','ETAPA II A - MANHÃ','Manhã','TEA - NIVEL 2');

CREATE OR REPLACE FUNCTION ee_apoio() RETURNS json LANGUAGE sql STABLE SECURITY DEFINER SET search_path=public AS $FN$
  SELECT json_build_object(
    'geral',(SELECT json_build_object('escolas',count(*),'prof_manha',coalesce(sum(prof_manha),0),'prof_tarde',coalesce(sum(prof_tarde),0),'professores',coalesce(sum(prof_manha+prof_tarde),0),'apoios',coalesce(sum(apoios),0)) FROM ee_apoio),
    'escolas',coalesce((SELECT json_agg(json_build_array(tipo,escola,prof_manha,prof_tarde,apoios)) FROM (SELECT * FROM ee_apoio ORDER BY tipo,escola) s),'[]'::json)
  );
$FN$;
CREATE OR REPLACE FUNCTION ee_liminar() RETURNS json LANGUAGE sql STABLE SECURITY DEFINER SET search_path=public AS $FN$
  SELECT json_build_object(
    'geral',(SELECT json_build_object(
       'alunos',(SELECT count(*) FROM ee_liminar_aluno),
       'turmas',(SELECT coalesce(sum(total_turmas),0) FROM ee_liminar_unidade),
       'unidades',(SELECT count(*) FROM ee_liminar_unidade),
       'atendidas',(SELECT count(*) FROM ee_liminar_unidade WHERE status='Atendida'),
       'pendentes',(SELECT count(*) FROM ee_liminar_unidade WHERE status='Pendência'),
       'fora',(SELECT count(*) FROM ee_liminar_unidade WHERE status='Fora da rede municipal'))),
    'unidades',coalesce((SELECT json_agg(json_build_array(escola,tipo,total_turmas,turmas_manha,turmas_tarde,prof_manha,prof_tarde,status)) FROM (SELECT * FROM ee_liminar_unidade ORDER BY status,escola) s),'[]'::json),
    'turmas',coalesce((SELECT json_agg(json_build_array(escola,turma,periodo,alunos,status)) FROM (SELECT * FROM ee_liminar_turma ORDER BY escola,turma) s),'[]'::json),
    'alunos',coalesce((SELECT json_agg(json_build_array(aluno,ra,escola,turma,periodo,deficiencia)) FROM (SELECT * FROM ee_liminar_aluno ORDER BY escola,turma,aluno) s),'[]'::json)
  );
$FN$;
GRANT SELECT ON ee_apoio, ee_liminar_unidade, ee_liminar_turma, ee_liminar_aluno TO anon, authenticated;
GRANT EXECUTE ON FUNCTION ee_apoio() TO anon, authenticated;
GRANT EXECUTE ON FUNCTION ee_liminar() TO anon, authenticated;
