-- LIMINARES (macro normalizado) + APOIO. Ctrl+A -> Ctrl+Enter.
DROP TABLE IF EXISTS ee_liminar_escola CASCADE;
DROP TABLE IF EXISTS ee_liminar_aluno CASCADE;
DROP TABLE IF EXISTS ee_liminar_turma CASCADE;
DROP TABLE IF EXISTS ee_liminar_unidade CASCADE;
DROP TABLE IF EXISTS ee_apoio CASCADE;
CREATE TABLE ee_apoio (id serial PRIMARY KEY, tipo text, escola text, prof_manha int, prof_tarde int, apoios int); ALTER TABLE ee_apoio DISABLE ROW LEVEL SECURITY;
CREATE TABLE ee_liminar_unidade (id serial PRIMARY KEY, escola text, tipo text, total_turmas int, turmas_manha int, turmas_tarde int, prof_manha int, prof_tarde int, status text); ALTER TABLE ee_liminar_unidade DISABLE ROW LEVEL SECURITY;
CREATE TABLE ee_liminar_turma (id serial PRIMARY KEY, escola text, turma text, periodo text, alunos int, status text); ALTER TABLE ee_liminar_turma DISABLE ROW LEVEL SECURITY;
CREATE TABLE ee_liminar_aluno (id serial PRIMARY KEY, aluno text, ra text, escola text, turma text, periodo text, deficiencia text); ALTER TABLE ee_liminar_aluno DISABLE ROW LEVEL SECURITY;
INSERT INTO ee_apoio (tipo,escola,prof_manha,prof_tarde,apoios) VALUES
('CEI','Alaor Galvao Cesar, CEI',0,0,0),
('CEI','Ana Franco DO Amaral, Prof., CEI',0,0,0),
('CEI','Ana Maria Chufalo, CEI',0,0,0),
('CEI','Anna Augusta França, CEI',0,0,0),
('CEI','Anna Ignes Carvalho Gouvea, CEI',0,0,0),
('CEI','Aurelio Pacagnella, CEI',0,0,0),
('CEI','Branca Serra, CEI',0,0,0),
('CEI','Cecilio Fraguas, CEI',0,0,0),
('CEI','Cloresdith Ferlin Ferreira, CEI',0,0,0),
('CEI','Deolinda Gasparini, CEI',0,0,0),
('CEI','Dom Bosco, CEI',0,0,0),
('CEI','Felicita Drudi Costa Pinto, CEI',0,0,0),
('CEI','Girassol Encantado, CEI',0,0,0),
('CEI','Hortencio Pereira DA Silva, Prof, CEI',0,0,0),
('CEI','Jesus DE Nazare, CEI',0,0,0),
('CEI','Joao DA Cruz Moreira, CEI',0,0,0),
('CEI','Joao Pedro Castroviejo, CEI',0,0,0),
('CEI','Laurivaldo Fidelis, CEI',0,0,0),
('CEI','Leonor Mertília Costa, CEI',0,0,0),
('CEI','Lucio Mendes, CEI',0,0,0),
('CEI','Maria DE Lourdes Gullaci Laguna Profa, CEI',0,0,0),
('CEI','Maria Lucia Meirelles Junqueira, CEI',0,0,0),
('CEI','Maria Regina Cavalcante, Profa, CEI',0,0,0),
('CEI','Marlene Marreiro Sibille, CEI',0,0,0),
('CEI','Modelo Marincek, CEI',0,0,0),
('CEI','Nair Manoelina DE Oliveira, CEI',0,0,0),
('CEI','Nelson Costa dos Santos, Padre, CEI',0,0,0),
('CEI','Opus Dei, CEI',0,0,0),
('CEI','Quintino Vieira, CEI',0,0,0),
('CEI','Renato Camargo Mendes, CEI',0,0,0),
('CEI','Roberto Taranto, CEI',0,0,0),
('CEI','Rosa Maria DE Britto Cosenza, CEI',0,0,0),
('CEI','Sebastiao Martins DE Moura, CEI',0,0,0),
('CEI','Thomaz Urbinatti, CEI',0,0,0),
('CEI','Tony Miyasaka, CEI',0,0,0),
('CEI','Vitor Youssef Darkoubi, CEI',0,0,0),
('EMEI','Adriana Coutinho Brandani Camilo, EMEI',1,1,0),
('EMEI','Albert Einstein, EMEI',1,1,0),
('EMEI','Aloizio Olaia Paschoal, EMEI',2,2,0),
('EMEI','Amelia Junqueira, EMEI',4,4,0),
('EMEI','Amelia Sofia R. DA Costa, Profª., EMEI',1,1,0),
('EMEI','Ana dos Santos Gabarra, EMEI',2,2,0),
('EMEI','Anita Procopio Junqueira, EMEI',2,1,0),
('EMEI','Aurea Aparecida Braghetto Machado, EMEI',2,0,0),
('EMEI','Caetana Spinelli Martins, EMEI',1,1,0),
('EMEI','Carmem Massarotto, Profª., EMEI',2,2,0),
('EMEI','Carmen Aparecida DE Carvalho Ramos, EMEI',2,2,0),
('EMEI','Elza Guazzeli DA Costa, Profª, EMEI',2,1,0),
('EMEI','Emilio Jarbinet, Padre, EMEI',2,2,0),
('EMEI','Henilla Godoy Velludo Salvador, EMEI',3,1,0),
('EMEI','Hilda Maria Sobral Barbosa Mandarino, EMEI',2,2,0),
('EMEI','Hilda Mosca, EMEI',2,1,0),
('EMEI','Iria Junqueira, Dona, EMEI',1,2,0),
('EMEI','Joao Sperandio, Dep., EMEI',2,1,0),
('EMEI','Jose Bonifacio Coutinho Nogueira, EMEI',1,1,0),
('EMEI','Jose Carlos Sobral, Dr., EMEI',2,2,0),
('EMEI','Jose Pedro Moreira, Profº., EMEI',3,4,0),
('EMEI','Jose Roberto Felicio, EMEI',2,0,0),
('EMEI','Lilian Spadaro Rosa E Silva, Profª., EMEI',1,1,0),
('EMEI','Maria Apparecida Borges DE O. Bonini, EMEI',1,2,0),
('EMEI','Maria Goretti, Santa, EMEI',2,4,0),
('EMEI','Maria Helena Braga Monte Serrat, EMEI',2,1,0),
('EMEI','Maria Pontim, EMEI',1,1,0),
('EMEI','Marlene Jorge dos Reis, EMEI',3,1,0),
('EMEI','Miguel Mussi, EMEI',2,2,0),
('EMEI','Moacir Firmino, EMEI',3,1,0),
('EMEI','Narciso Nicolodi, Irmão, EMEI',2,1,0),
('EMEI','Neide Apparecida Golfetto DE Castro, EMEI',1,1,0),
('EMEI','Nicolau Dinamarco Spinelli, Dr., EMEI',2,1,0),
('EMEI','Paulo Henrique DE Souza, EMEI',2,1,0),
('EMEI','Roberto Afonso Pontes, EMEI',1,1,0),
('EMEI','Ruy Escorel Ferreira Santos, EMEI',2,2,0),
('EMEI','Terezinha, Santa, EMEI',1,1,0),
('EMEI','Teresa Hendrica Antonissen, EMEI',3,3,0),
('EMEI','Wanda Princivalli Marcal, EMEI',2,2,0),
('EMEI','Wilson Roselino, EMEI',2,0,0),
('EMEI','Zilda Cossa D Avila, EMEI',2,2,0),
('EMEF','Alcina dos Santos Heck, EMEF',2,3,2),
('EMEF','Alfeu Luiz Gasparini, Profº., EMEF',10,8,6),
('EMEF','Antonio Palocci, EMEF',7,4,4),
('EMEF','Anisio Teixeira, Profº., EMEF',6,5,4),
('EMEF','Dercy Celia Seixas Ferrari, Profª., EMEF',4,4,3),
('EMEF','Domingos Adilson Canesin, EMEF',4,4,2),
('EMEF','Domingos Angerami, Profº., EMEF',4,4,3),
('EMEF','Eduardo Romualdo DE Souza, Profº., EMEF',6,7,0),
('EMEF','Elisa Duboc Garcia, Profª., EMEF',4,4,3),
('EMEF','Eneida Pereira dos Santos, EMEF',4,3,3),
('EMEF','Eponina DE Britto Rosseto, Profª., EMEF',2,2,2),
('EMEF','Faustino Jarruche, EMEF',5,5,4),
('EMEF','Geralda DE Souza Espin, EMEF',5,3,4),
('EMEF','Honorato DE Lucca, Profº., EMEF',3,3,3),
('EMEF','Jaime Monteiro DE Barros Dr., EMEF',5,5,4),
('EMEF','Jarbas Massulo, Profº., EMEF',2,4,3),
('EMEF','Joao Gilberto Sampaio, Dr., EMEF',4,4,0),
('EMEF','Jose Delibo, Ver., EMEF',6,3,3),
('EMEF','Jose Rodini Luiz Profº., EMEF',4,3,3),
('EMEF','Julio Cesar Voltarelli, DR, EMEF',3,6,4),
('EMEF','Luis DO Amaral Mousinho, Dom, EMEF',7,3,4),
('EMEF','Maria Ignez Lopes Rossi, Profª., EMEF',3,5,3),
('EMEF','Maria Ines Vieira Machado, Profª., EMEF',4,3,3),
('EMEF','Nelson Machado, EMEF',5,7,4),
('EMEF','Neuza Michelutti Marzola, Profª., EMEF',6,6,5),
('EMEF','Paulo Freire, Profº., EMEF',7,4,4),
('EMEF','Paulo Monte Serrat Filho, Profº., Dr., EMEF',6,4,3),
('EMEF','Raul Machado, Profº., EMEF',7,6,3),
('EMEF','Salvador Marturano, Profº., EMEF',2,5,4),
('EMEF','Sebastiao DE Aguiar Azevedo, EMEF',4,3,5),
('EMEF','Sebastiao DE Aguiar Azevedo, EMEF - Un. II',2,4,3),
('EMEF','Virgilio Salata, EMEF',11,8,0),
('EMEF','Waldemar Roberto, Prof.,dr., EMEF',5,3,5),
('EMEF','Egydio Pedreschi Ceeef',3,4,0);
INSERT INTO ee_liminar_unidade (escola,tipo,total_turmas,turmas_manha,turmas_tarde,prof_manha,prof_tarde,status) VALUES
('Adriana Coutinho Brandani Camilo, EMEI','EMEI',1,1,1,1,1,'Atendida'),
('Albert Einstein, EMEI','EMEI',1,0,1,1,1,'Atendida'),
('Alberto Ferriani Professor','',1,1,0,0,0,'Pendência'),
('Alcina dos Santos Heck, EMEF','EMEF',7,3,4,2,3,'Pendência'),
('Alfeu Luiz Gasparini Professor, EMEF','EMEF',18,11,7,10,8,'Pendência'),
('Aloizio Olaia Paschoal, EMEI','EMEI',1,1,1,2,2,'Atendida'),
('Amelia Junqueira, EMEI','EMEI',3,1,2,4,4,'Atendida'),
('Alpheu Dominiguetti Professor','',1,0,1,0,0,'Pendência'),
('Amelia Sofia Rodrigues DA Costa, EMEI','EMEI',3,2,1,1,1,'Pendência'),
('Ana dos Santos Gabarra, EMEI','EMEI',2,1,1,2,2,'Atendida'),
('Anisio Teixeira Prof, EMEF','EMEF',12,5,7,6,5,'Pendência'),
('Antonio Palocci, EMEF','EMEF',14,7,7,7,4,'Pendência'),
('Antonio Diederichsen','',2,1,1,0,0,'Pendência'),
('Aurea Apparecida Braghetto Machado Profa, EMEI','EMEI',3,3,3,2,0,'Pendência'),
('Caetana Spinelli Martins, EMEI','EMEI',2,0,2,1,1,'Pendência'),
('Bento Benedini Colegio','',1,1,0,0,0,'Fora da rede municipal'),
('Carmen Aparecida DE Carvalho Ramos, EMEI','EMEI',1,1,0,2,2,'Atendida'),
('Carmen Massaroto, EMEI','',2,0,2,0,0,'Pendência'),
('Capella Kids Sistema DE Ensino Eireli- ME','',1,1,0,0,0,'Fora da rede municipal'),
('Cecilio Fraguas Creche Municipal, CEI','CEI',2,2,2,0,0,'Pendência'),
('Carochinha Creche - Coseas Usp','',1,1,1,0,0,'Fora da rede municipal'),
('Dercy Celia Seixas Ferrari Profa, EMEF','EMEF',6,5,1,4,4,'Pendência'),
('Cervantes Colegio','',1,1,0,0,0,'Fora da rede municipal'),
('Colégio Eleve DE Ribeirão Preto Unidade Kennedy','',1,1,1,0,0,'Fora da rede municipal'),
('Colégio Novo – Unidade Alto DA Boa Vista','',1,1,0,0,0,'Fora da rede municipal'),
('Colégio Viktor Frankl (unidade 2 - Boulevard)','',1,0,1,0,0,'Fora da rede municipal'),
('Cordelia Ribeiro Ragozo Professora','',2,1,1,0,0,'Pendência'),
('Domingos Adilson Canesin, EMEF','EMEF',5,3,2,4,4,'Atendida'),
('Domingos Angerami Prof DR, EMEF','EMEF',4,1,3,4,4,'Atendida'),
('Eduardo Romualdo DE Souza Prof, EMEF','EMEF',20,11,9,6,7,'Pendência'),
('Domingos Joao Baptista Spinelli Professor Doutor','',1,1,1,0,0,'Pendência'),
('Edgardo Cajado Doutor','',1,0,1,0,0,'Pendência'),
('Egydio Pedreschi Centro DE Educacao Especial','EMEF',2,1,1,3,4,'Atendida'),
('Elisa Duboc Garcia Profa, EMEF','EMEF',9,4,5,4,4,'Pendência'),
('Elza Guazzeli DA Costa Profa, EMEI','EMEI',3,2,2,2,1,'Pendência'),
('Elza Leite DA Costa Profa, EMEF','EMEI',1,0,1,2,1,'Atendida'),
('Emilio Jarbinet Padre, EMEI','EMEI',3,2,1,2,2,'Atendida'),
('Eneida Pereira dos Santos DE Aguiar Doutora Professora, EMEF','EMEF',5,3,2,4,3,'Atendida'),
('Eponina DE Britto Rossetto Profa, EMEF','EMEF',4,2,2,2,2,'Atendida'),
('Faustino Jarruche DR, EMEF','EMEF',11,6,5,5,5,'Pendência'),
('Escola Pró Cultural Amarelinha','',1,0,1,0,0,'Fora da rede municipal'),
('Geralda DE Souza Espin, EMEF','EMEF',5,5,0,5,3,'Atendida'),
('Futuro Colegio','',1,1,0,0,0,'Fora da rede municipal'),
('Henilla Godoy Velludo Salvador, EMEI','EMEI',1,1,0,3,1,'Atendida'),
('Getulio Vargas Doutor','',3,1,2,0,0,'Pendência'),
('Graphein Colegio','',1,1,0,0,0,'Fora da rede municipal'),
('Hilda Maria Sobral Barbosa Mandarino, EMEI','EMEI',4,2,2,2,2,'Atendida'),
('Herminia Gugliano Professora','',1,0,1,0,0,'Pendência'),
('Hilda Mosca Escola Municipal DE Educacao Infantil, EMEI','EMEI',2,2,2,2,1,'Pendência'),
('Honorato DE Lucca Prof, EMEF','EMEF',6,5,1,3,3,'Pendência'),
('Iria Junqueira Dona, EMEI','EMEI',7,4,4,1,2,'Pendência'),
('Jaime Monteiro DE Barros Prof, EMEF','EMEF',9,8,1,5,5,'Pendência'),
('Jarbas Massullo Prof, EMEF','',6,2,4,0,0,'Pendência'),
('Jardim Wilma Flor','',1,1,0,0,0,'Pendência'),
('Jesus Guilherme Giacomini','',1,1,0,0,0,'Pendência'),
('Joao Gilberto Sampaio DR, EMEF','EMEF',9,5,4,4,4,'Pendência'),
('Joao Rodrigues Guiao Doutor','',3,2,1,0,0,'Pendência'),
('Joao Sperandio Deputado, EMEI','EMEI',1,1,0,2,1,'Atendida'),
('Jorge Rodini Luiz Professor','EMEF',3,2,1,4,3,'Atendida'),
('Jose Bonifacio Coutinho Nogueira, EMEI','EMEI',3,2,1,1,1,'Pendência'),
('Jose Carlos Sobral DR, EMEI','EMEI',4,4,4,2,2,'Pendência'),
('Jose Delibo Vereador, EMEF','EMEF',10,6,4,6,3,'Pendência'),
('Jose Lima Pedreira DE Freitas Professora','',1,1,1,0,0,'Pendência'),
('Jose Pedro Moreira Prof, EMEI','EMEI',4,2,2,3,4,'Atendida'),
('Jose Rodini Luiz Prof, EMEF','EMEF',7,5,2,4,3,'Pendência'),
('Julieta Fernanda Sousa Taranto','',1,0,1,0,0,'Pendência'),
('Julio Cesar Voltarelli DR, EMEF','EMEF',10,6,4,3,6,'Pendência'),
('Kinderspiel Colegio','',1,0,1,0,0,'Fora da rede municipal'),
('Lilian Spadaro Rosa E Silva Profa, EMEI','EMEI',3,3,1,1,1,'Pendência'),
('Luis Amaral Mousinho Dom, EMEF','EMEF',6,6,0,7,3,'Atendida'),
('Maria Apparecida Borges DE Oliveira Bonini, EMEI','EMEI',2,0,2,1,2,'Atendida'),
('Maria Apparecida Borges DE Oliveira Bonini Profa, EMEI','EMEI',1,1,0,1,2,'Atendida'),
('Maria Helena Braga Monte Serrat Doutora, EMEI','EMEI',2,2,1,2,1,'Atendida'),
('Maria Ignez Lopes Rossi Profa, EMEF','EMEF',8,2,6,3,5,'Pendência'),
('Maria Ines Vieira Machado, EMEF','EMEF',6,3,4,4,3,'Pendência'),
('Marista IR Rui Leopoldo Depine Centro Educacional','',1,0,1,0,0,'Fora da rede municipal'),
('Marlene Jorge dos Reis Profa, EMEI','EMEI',6,4,2,3,1,'Pendência'),
('Metropolitana Escola','',1,0,1,0,0,'Fora da rede municipal'),
('Miguel Mussi Prof, EMEI','EMEI',5,5,0,2,2,'Pendência'),
('Moacir Firmino, EMEI','EMEI',4,3,1,3,1,'Atendida'),
('Narciso Nicolodi Irmao, EMEI','EMEI',1,1,0,2,1,'Atendida'),
('Neide Aparecida Golfetto DE Castro Profa, EMEI','EMEI',3,2,1,1,1,'Pendência'),
('Neide Apparecida Golfetto DE Castro, EMEI','EMEI',1,1,0,1,1,'Atendida'),
('Nelson Machado, EMEF','EMEF',6,1,5,5,7,'Atendida'),
('Neuza Michelutti Marzola Profa, EMEF','EMEF',12,7,5,6,6,'Pendência'),
('Nicolau Dinamarco Spinelli DR, EMEI','EMEI',1,1,0,2,1,'Atendida'),
('Paulo Freire Prof, EMEF','EMEF',11,7,4,7,4,'Atendida'),
('Paulo Henrique DE Souza, EMEI','EMEI',1,1,1,2,1,'Atendida'),
('Paulo Monte Serrat Filho Prof DR, EMEF','EMEF',14,8,6,6,4,'Pendência'),
('Raul Machado Prof, EMEF','EMEF',15,7,8,7,6,'Pendência'),
('Pedro DE Oliveira Santos, EMEI','',1,1,0,0,0,'Pendência'),
('Professor Lauro Bigélli','',2,1,1,0,0,'Pendência'),
('Roberto Afonso Pontes, EMEI','EMEI',2,0,2,1,1,'Pendência'),
('Ruy Escorel Ferreira Santos DR, EMEI','EMEI',2,2,2,2,2,'Atendida'),
('Salvador Marturano Prof, EMEF','EMEF',11,5,6,2,5,'Pendência'),
('Santa Maria Goretti, EMEI','EMEI',2,1,1,2,4,'Atendida'),
('Sebastiao DE Aguiar Azevedo I, EMEF','EMEF',11,5,6,4,3,'Pendência'),
('Sebastião DE Aguiar Azevedo I, EMEF','EMEF',2,0,2,4,3,'Atendida'),
('Sebastiao DE Aguiar Azevedo Unidade II, EMEF','',4,2,2,0,0,'Fora da rede municipal'),
('Sócrates Brasileiro','',1,0,1,0,0,'Pendência'),
('Teresa Hendrica Antonissen, EMEI','EMEI',5,4,3,3,3,'Pendência'),
('Veiga DE Miranda Ministro','',2,1,1,0,0,'Pendência'),
('Vinte E Cinco DE Dezembro Lar Escola DA Crianca','',1,1,1,0,0,'Pendência'),
('Virgilio Salata, EMEF','EMEF',16,7,9,11,8,'Pendência'),
('Vitor Youssef Darkoubi, CEI','CEI',1,1,1,0,0,'Pendência'),
('Waldemar Roberto Professor Doutor, EMEF','EMEF',4,4,0,5,3,'Atendida'),
('Wanda Princivalli Marcal, EMEI','EMEI',6,3,3,2,2,'Pendência'),
('Wilson Roselino DR, EMEI','EMEI',1,1,1,2,0,'Pendência'),
('','',1,0,0,0,0,'Atendida'),
('Sebastiao DE Aguiar Azevedo, EMEF','EMEF',1,1,0,4,3,'Atendida'),
('Eponina DE Britto Rosseto, EMEF','EMEF',1,0,1,2,2,'Atendida'),
('João DA Cruz Moreira, CEI','CEI',1,1,1,0,0,'Pendência'),
('Jose Pedro Moreira, EMEI','EMEI',1,0,1,3,4,'Atendida'),
('Luis DO Amaral Mousinho, EMEF','EMEF',1,0,1,7,3,'Atendida'),
('Modelo Marincek, CEI','CEI',1,1,1,0,0,'Pendência'),
('Leonor Mertília Costa, CEI','CEI',1,1,1,0,0,'Pendência'),
('Maria Helena Braga Monte Serrat, EMEI','EMEI',1,1,0,2,1,'Atendida'),
('Doutor José Roberto Felicio, EMEI','EMEI',1,1,0,2,0,'Atendida'),
('Elisa Duboc Garcia, EMEF','EMEF',1,0,1,4,4,'Atendida'),
('Hilda Mosca, EMEI','EMEI',1,1,1,2,1,'Atendida'),
('Raul Machado, EMEF','EMEF',1,0,1,7,6,'Atendida');
INSERT INTO ee_liminar_turma (escola,turma,periodo,alunos,status) VALUES
('Adriana Coutinho Brandani Camilo, EMEI','Maternal 2 B Integral','Integral',1,'Atendida'),
('Albert Einstein, EMEI','2ª Etapa Pré-Escola E Tarde','Tarde',1,'Atendida'),
('Alberto Ferriani Professor','1º Ano A Manhã','Manhã',1,'Pendência'),
('Alcina dos Santos Heck, EMEF','4ºano A/tarde','Tarde',1,'Pendência'),
('Alcina dos Santos Heck, EMEF','4º Ano B Tarde','Tarde',1,'Pendência'),
('Alcina dos Santos Heck, EMEF','2º Ano B Tarde','Tarde',1,'Pendência'),
('Alcina dos Santos Heck, EMEF','5º Ano A Manhã','Manhã',1,'Pendência'),
('Alcina dos Santos Heck, EMEF','6º Ano B Manhã','Manhã',1,'Pendência'),
('Alcina dos Santos Heck, EMEF','7º Ano A Manhã','Manhã',1,'Pendência'),
('Alcina dos Santos Heck, EMEF','1º Ano A Tarde','Tarde',1,'Pendência'),
('Alfeu Luiz Gasparini Professor, EMEF','2º Ano E Tarde','Tarde',1,'Atendida'),
('Alfeu Luiz Gasparini Professor, EMEF','1º Ano E Tarde','Tarde',1,'Atendida'),
('Alfeu Luiz Gasparini Professor, EMEF','6º Ano D Tarde','Tarde',2,'Atendida'),
('Alfeu Luiz Gasparini Professor, EMEF','2º Ano F Tarde','Tarde',1,'Atendida'),
('Alfeu Luiz Gasparini Professor, EMEF','6º Ano A Manhã','Manhã',1,'Pendência'),
('Alfeu Luiz Gasparini Professor, EMEF','4º Ano A Manhã','Manhã',1,'Pendência'),
('Alfeu Luiz Gasparini Professor, EMEF','7º Ano A Manhã','Manhã',1,'Pendência'),
('Alfeu Luiz Gasparini Professor, EMEF','3º Ano A Manhã','Manhã',1,'Pendência'),
('Alfeu Luiz Gasparini Professor, EMEF','2º Ano C Manhã','Manhã',1,'Pendência'),
('Alfeu Luiz Gasparini Professor, EMEF','2º Ano A Manhã','Manhã',2,'Pendência'),
('Alfeu Luiz Gasparini Professor, EMEF','7º Ano D Tarde','Tarde',1,'Atendida'),
('Alfeu Luiz Gasparini Professor, EMEF','5º Ano A Manhã','Manhã',1,'Pendência'),
('Alfeu Luiz Gasparini Professor, EMEF','3º Ano C Tarde','Tarde',1,'Atendida'),
('Alfeu Luiz Gasparini Professor, EMEF','4º Ano B Manhã','Manhã',1,'Pendência'),
('Alfeu Luiz Gasparini Professor, EMEF','8º Ano C Tarde','Tarde',1,'Atendida'),
('Alfeu Luiz Gasparini Professor, EMEF','1º Ano A Manhã','Manhã',1,'Pendência'),
('Alfeu Luiz Gasparini Professor, EMEF','6º Ano C Manhã','Manhã',1,'Pendência'),
('Alfeu Luiz Gasparini Professor, EMEF','2º Ano B Manhã','Manhã',1,'Pendência'),
('Aloizio Olaia Paschoal, EMEI','2ª Etapa Pré-Escola B Integral','Integral',1,'Atendida'),
('Amelia Junqueira, EMEI','2ª Etapa Pré-Escola B Manhã','Manhã',1,'Atendida'),
('Amelia Junqueira, EMEI','1ª Etapa Pré-Escola E Tarde','Tarde',1,'Atendida'),
('Amelia Junqueira, EMEI','2ª Etapa Pré-Escola D Tarde','Tarde',1,'Atendida'),
('Alpheu Dominiguetti Professor','1º Ano A Tarde','Tarde',2,'Pendência'),
('Amelia Sofia Rodrigues DA Costa, EMEI','1ª Etapa Pré-Escola A Manhã','Manhã',1,'Pendência'),
('Amelia Sofia Rodrigues DA Costa, EMEI','2ª Etapa Pré-Escola B Tarde','Tarde',3,'Atendida'),
('Amelia Sofia Rodrigues DA Costa, EMEI','Etapa 2 A - Manhã','Manhã',1,'Pendência'),
('Ana dos Santos Gabarra, EMEI','2ª Etapa Pré-Escola B Manhã','Manhã',1,'Atendida'),
('Ana dos Santos Gabarra, EMEI','1ª Etapa Pré-Escola E Tarde','Tarde',1,'Atendida'),
('Anisio Teixeira Prof, EMEF','3º Ano B Tarde','Tarde',3,'Pendência'),
('Anisio Teixeira Prof, EMEF','1º Ano A Manhã','Manhã',2,'Atendida'),
('Anisio Teixeira Prof, EMEF','2º Ano A Manhã','Manhã',1,'Atendida'),
('Anisio Teixeira Prof, EMEF','6º Ano C Tarde','Tarde',1,'Pendência'),
('Anisio Teixeira Prof, EMEF','2º Ano B Tarde','Tarde',1,'Pendência'),
('Anisio Teixeira Prof, EMEF','5º Ano B Manhã','Manhã',2,'Atendida'),
('Anisio Teixeira Prof, EMEF','9º Ano D Tarde','Tarde',1,'Pendência'),
('Anisio Teixeira Prof, EMEF','9º Ano B Manhã','Manhã',1,'Atendida'),
('Anisio Teixeira Prof, EMEF','3º Ano A Manhã','Manhã',2,'Atendida'),
('Anisio Teixeira Prof, EMEF','5º Ano C Tarde','Tarde',1,'Pendência'),
('Anisio Teixeira Prof, EMEF','9º Ano C Tarde','Tarde',2,'Pendência'),
('Anisio Teixeira Prof, EMEF','1º Ano B Tarde','Tarde',1,'Pendência'),
('Antonio Palocci, EMEF','7º Ano B Manhã','Manhã',2,'Atendida'),
('Antonio Palocci, EMEF','5º Ano B Tarde','Tarde',1,'Pendência'),
('Antonio Palocci, EMEF','4º Ano C Tarde','Tarde',1,'Pendência'),
('Antonio Palocci, EMEF','8º Ano C Tarde','Tarde',1,'Pendência'),
('Antonio Palocci, EMEF','3º Ano B Manhã','Manhã',1,'Atendida'),
('Antonio Palocci, EMEF','3º Ano C Tarde','Tarde',1,'Pendência'),
('Antonio Palocci, EMEF','9º Ano A Manhã','Manhã',1,'Atendida'),
('Antonio Palocci, EMEF','7º Ano A Manhã','Manhã',1,'Atendida'),
('Antonio Palocci, EMEF','5º Ano C Tarde','Tarde',2,'Pendência'),
('Antonio Palocci, EMEF','4º Ano B Manhã','Manhã',1,'Atendida'),
('Antonio Palocci, EMEF','1º Ano B Manhã','Manhã',1,'Atendida'),
('Antonio Palocci, EMEF','1º Ano A Manhã','Manhã',1,'Atendida'),
('Antonio Palocci, EMEF','4º Ano D Tarde','Tarde',1,'Pendência'),
('Antonio Palocci, EMEF','1º Ano C Tarde','Tarde',1,'Pendência'),
('Antonio Diederichsen','1º Ano B Manhã','Manhã',1,'Pendência'),
('Antonio Diederichsen','1º Ano C Tarde','Tarde',2,'Pendência'),
('Aurea Apparecida Braghetto Machado Profa, EMEI','2ª Etapa Pré-Escola D Integral','Integral',1,'Pendência'),
('Aurea Apparecida Braghetto Machado Profa, EMEI','Etapa I C Integral','Integral',1,'Pendência'),
('Aurea Apparecida Braghetto Machado Profa, EMEI','2ª Etapa Pré-Escola B Integral','Integral',1,'Pendência'),
('Caetana Spinelli Martins, EMEI','1ª Etapa Pré-Escola C Tarde','Tarde',1,'Pendência'),
('Caetana Spinelli Martins, EMEI','2ª Etapa Pré-Escola C Tarde','Tarde',2,'Pendência'),
('Bento Benedini Colegio','1º Ano A Manhã','Manhã',1,'Fora da rede municipal'),
('Carmen Aparecida DE Carvalho Ramos, EMEI','1ª Etapa Pré-Escola A Manhã Anua','Manhã',1,'Atendida'),
('Carmen Massaroto, EMEI','2ª Etapa Pré-Escola B Tarde','Tarde',1,'Pendência'),
('Carmen Massaroto, EMEI','2ª Etapa Pré-Escola C Tarde','Tarde',1,'Pendência'),
('Capella Kids Sistema DE Ensino Eireli- ME','3º Ano A Manhã','Manhã',1,'Fora da rede municipal'),
('Cecilio Fraguas Creche Municipal, CEI','Maternal 2 B Integral','Integral',1,'Pendência'),
('Cecilio Fraguas Creche Municipal, CEI','Maternal 2 C Integral','Integral',1,'Pendência'),
('Carochinha Creche - Coseas Usp','1ª Etapa Pré-Escola P1 Integral','Integral',1,'Fora da rede municipal'),
('Dercy Celia Seixas Ferrari Profa, EMEF','4º Ano A Manhã','Manhã',3,'Pendência'),
('Dercy Celia Seixas Ferrari Profa, EMEF','8º Ano C Manhã','Manhã',1,'Pendência'),
('Dercy Celia Seixas Ferrari Profa, EMEF','6º Ano C Tarde','Tarde',1,'Atendida'),
('Dercy Celia Seixas Ferrari Profa, EMEF','9º Ano A Manhã','Manhã',3,'Pendência'),
('Dercy Celia Seixas Ferrari Profa, EMEF','9º Ano B Manhã','Manhã',1,'Pendência'),
('Dercy Celia Seixas Ferrari Profa, EMEF','1ºano A Manhã','Manhã',1,'Pendência'),
('Cervantes Colegio','2º Ano E Manhã','Manhã',1,'Fora da rede municipal'),
('Colégio Eleve DE Ribeirão Preto Unidade Kennedy','1º Ano A Integral','Integral',1,'Fora da rede municipal'),
('Colégio Novo – Unidade Alto DA Boa Vista','1º Ano A Manhã','Manhã',1,'Fora da rede municipal'),
('Colégio Viktor Frankl (unidade 2 - Boulevard)','5º Ano B Tarde','Tarde',1,'Fora da rede municipal'),
('Cordelia Ribeiro Ragozo Professora','1º Ano A Manhã','Manhã',1,'Pendência'),
('Cordelia Ribeiro Ragozo Professora','1º Ano C Tarde','Tarde',1,'Pendência'),
('Domingos Adilson Canesin, EMEF','9º Ano F Manhã','Manhã',2,'Atendida'),
('Domingos Adilson Canesin, EMEF','9º Ano C Manhã','Manhã',2,'Atendida'),
('Domingos Adilson Canesin, EMEF','8º Ano E Tarde','Tarde',1,'Atendida'),
('Domingos Adilson Canesin, EMEF','9º Ano E Manhã','Manhã',1,'Atendida'),
('Domingos Adilson Canesin, EMEF','6º Ano B Tarde','Tarde',1,'Atendida'),
('Domingos Angerami Prof DR, EMEF','2º Ano A Tarde','Tarde',1,'Atendida'),
('Domingos Angerami Prof DR, EMEF','5º Ano C Tarde','Tarde',1,'Atendida'),
('Domingos Angerami Prof DR, EMEF','9º Ano E Manhã','Manhã',1,'Atendida'),
('Domingos Angerami Prof DR, EMEF','1º Ano A Tarde','Tarde',1,'Atendida'),
('Eduardo Romualdo DE Souza Prof, EMEF','7º Ano A Manhã','Manhã',2,'Pendência'),
('Eduardo Romualdo DE Souza Prof, EMEF','2º Ano D Tarde','Tarde',2,'Pendência'),
('Eduardo Romualdo DE Souza Prof, EMEF','4º Ano C Tarde','Tarde',1,'Pendência'),
('Eduardo Romualdo DE Souza Prof, EMEF','3º Ano C Manhã','Manhã',2,'Pendência'),
('Eduardo Romualdo DE Souza Prof, EMEF','2º Ano E Tarde','Tarde',2,'Pendência'),
('Eduardo Romualdo DE Souza Prof, EMEF','7º Ano D Tarde','Tarde',1,'Pendência'),
('Eduardo Romualdo DE Souza Prof, EMEF','9º Ano A Manhã','Manhã',1,'Pendência'),
('Eduardo Romualdo DE Souza Prof, EMEF','6º Ano A Manhã','Manhã',1,'Pendência'),
('Eduardo Romualdo DE Souza Prof, EMEF','2º Ano B Manhã','Manhã',3,'Pendência'),
('Eduardo Romualdo DE Souza Prof, EMEF','6º Ano B Manhã','Manhã',1,'Pendência'),
('Eduardo Romualdo DE Souza Prof, EMEF','2º Ano A Manhã','Manhã',1,'Pendência'),
('Eduardo Romualdo DE Souza Prof, EMEF','3º Ano A Manhã','Manhã',2,'Pendência'),
('Eduardo Romualdo DE Souza Prof, EMEF','3º Ano E Tarde','Tarde',1,'Pendência'),
('Eduardo Romualdo DE Souza Prof, EMEF','4º Ano B Manhã','Manhã',1,'Pendência'),
('Eduardo Romualdo DE Souza Prof, EMEF','4º Ano D Tarde','Tarde',1,'Pendência'),
('Eduardo Romualdo DE Souza Prof, EMEF','1º Ano C Tarde','Tarde',1,'Pendência'),
('Eduardo Romualdo DE Souza Prof, EMEF','3º Ano B Manhã','Manhã',1,'Pendência'),
('Eduardo Romualdo DE Souza Prof, EMEF','9º Ano C Tarde','Tarde',1,'Pendência'),
('Eduardo Romualdo DE Souza Prof, EMEF','1º Ano D Tarde','Tarde',2,'Pendência'),
('Eduardo Romualdo DE Souza Prof, EMEF','8º Ano B Manhã','Manhã',1,'Pendência'),
('Domingos Joao Baptista Spinelli Professor Doutor','6º Ano A Integral 7H T1','Integral',1,'Pendência'),
('Edgardo Cajado Doutor','1º Ano B Tarde','Tarde',1,'Pendência'),
('Egydio Pedreschi Centro DE Educacao Especial','9º Ano B Manhã','Manhã',1,'Atendida'),
('Egydio Pedreschi Centro DE Educacao Especial','Multisseriada B Tarde','Tarde',1,'Atendida'),
('Elisa Duboc Garcia Profa, EMEF','7º Ano A Manhã','Manhã',1,'Atendida'),
('Elisa Duboc Garcia Profa, EMEF','5º Ano B Tarde','Tarde',1,'Pendência'),
('Elisa Duboc Garcia Profa, EMEF','3º Ano C Tarde','Tarde',1,'Pendência'),
('Elisa Duboc Garcia Profa, EMEF','3º Ano A Manhã','Manhã',1,'Atendida'),
('Elisa Duboc Garcia Profa, EMEF','5º Ano A Manhã','Manhã',2,'Atendida'),
('Elisa Duboc Garcia Profa, EMEF','5º Ano C Tarde','Tarde',1,'Pendência'),
('Elisa Duboc Garcia Profa, EMEF','8º Ano C Tarde','Tarde',1,'Pendência'),
('Elisa Duboc Garcia Profa, EMEF','1º Ano A Manhã','Manhã',1,'Atendida'),
('Elisa Duboc Garcia Profa, EMEF','1º Ano B Tarde','Tarde',2,'Pendência'),
('Elza Guazzeli DA Costa Profa, EMEI','2ª Etapa Pré-Escola B Tarde','Tarde',1,'Pendência'),
('Elza Guazzeli DA Costa Profa, EMEI','2ª Etapa Pré-Escola A Manhã','Manhã',1,'Atendida'),
('Elza Guazzeli DA Costa Profa, EMEI','Maternal 2 B Integral','Integral',1,'Pendência'),
('Elza Leite DA Costa Profa, EMEF','4º Ano D Tarde','Tarde',1,'Atendida'),
('Emilio Jarbinet Padre, EMEI','2ª Etapa Pré-Escola B Manhã','Manhã',1,'Atendida'),
('Emilio Jarbinet Padre, EMEI','2ª Etapa Pré-Escola A Manhã','Manhã',1,'Atendida'),
('Emilio Jarbinet Padre, EMEI','Etapa II D Tarde','Tarde',1,'Atendida'),
('Eneida Pereira dos Santos DE Aguiar Doutora Professora, EMEF','1º Ano A Manhã','Manhã',1,'Atendida'),
('Eneida Pereira dos Santos DE Aguiar Doutora Professora, EMEF','2º Ano B Manhã','Manhã',1,'Atendida'),
('Eneida Pereira dos Santos DE Aguiar Doutora Professora, EMEF','3º Ano I Tarde','Tarde',3,'Atendida'),
('Eneida Pereira dos Santos DE Aguiar Doutora Professora, EMEF','5º Ano D Tarde','Tarde',1,'Atendida'),
('Eneida Pereira dos Santos DE Aguiar Doutora Professora, EMEF','1º Ano B Manhã','Manhã',1,'Atendida'),
('Eponina DE Britto Rossetto Profa, EMEF','8º Ano A Manhã','Manhã',1,'Atendida'),
('Eponina DE Britto Rossetto Profa, EMEF','7º Ano A Manhã','Manhã',1,'Atendida'),
('Eponina DE Britto Rossetto Profa, EMEF','2º Ano A Tarde','Tarde',2,'Atendida'),
('Eponina DE Britto Rossetto Profa, EMEF','1º Ano A Tarde','Tarde',1,'Atendida'),
('Faustino Jarruche DR, EMEF','2º Ano D Tarde','Tarde',2,'Atendida'),
('Faustino Jarruche DR, EMEF','2º Ano C Manhã','Manhã',1,'Pendência'),
('Faustino Jarruche DR, EMEF','2º Ano B Manhã','Manhã',1,'Pendência'),
('Faustino Jarruche DR, EMEF','3º Ano B Manhã','Manhã',1,'Pendência'),
('Faustino Jarruche DR, EMEF','4º Ano F Tarde','Tarde',1,'Atendida'),
('Faustino Jarruche DR, EMEF','5º Ano D Tarde','Tarde',1,'Atendida'),
('Faustino Jarruche DR, EMEF','1º Ano A Manhã','Manhã',1,'Pendência'),
('Faustino Jarruche DR, EMEF','1º Ano F Tarde','Tarde',1,'Atendida'),
('Faustino Jarruche DR, EMEF','1º Ano D Tarde','Tarde',1,'Atendida'),
('Faustino Jarruche DR, EMEF','1º Ano C Manhã','Manhã',1,'Pendência'),
('Faustino Jarruche DR, EMEF','4º Ano C Manhã','Manhã',1,'Pendência'),
('Escola Pró Cultural Amarelinha','1º Ano B Tarde','Tarde',1,'Fora da rede municipal'),
('Geralda DE Souza Espin, EMEF','6º Ano A Manhã','Manhã',1,'Atendida'),
('Geralda DE Souza Espin, EMEF','9º Ano A Manhã','Manhã',1,'Atendida'),
('Geralda DE Souza Espin, EMEF','8º Ano B Manhã','Manhã',1,'Atendida'),
('Geralda DE Souza Espin, EMEF','1º Ano A - Manhã','Manhã',1,'Atendida'),
('Geralda DE Souza Espin, EMEF','4º Ano B - Manhã','Manhã',1,'Atendida'),
('Futuro Colegio','3º Ano B Manhã','Manhã',1,'Fora da rede municipal'),
('Henilla Godoy Velludo Salvador, EMEI','2ª Etapa Pré-Escola A Manhã','Manhã',1,'Atendida'),
('Getulio Vargas Doutor','1º Ano D Tarde','Tarde',1,'Pendência'),
('Getulio Vargas Doutor','1º Ano A Manhã','Manhã',1,'Pendência'),
('Getulio Vargas Doutor','1º Ano C Tarde','Tarde',1,'Pendência'),
('Graphein Colegio','7º Ano A Manhã','Manhã',1,'Fora da rede municipal'),
('Hilda Maria Sobral Barbosa Mandarino, EMEI','2ª Etapa Pré-Escola C Tarde','Tarde',1,'Atendida'),
('Hilda Maria Sobral Barbosa Mandarino, EMEI','1ª Etapa Pré-Escola C Manhã','Manhã',1,'Atendida'),
('Hilda Maria Sobral Barbosa Mandarino, EMEI','Eatapa I D Tarde','Tarde',1,'Atendida'),
('Hilda Maria Sobral Barbosa Mandarino, EMEI','Etapa I B Manhã','Manhã',1,'Atendida'),
('Herminia Gugliano Professora','1º Ano A Tarde','Tarde',1,'Pendência'),
('Hilda Mosca Escola Municipal DE Educacao Infantil, EMEI','2ª Etapa Pré-Escola C Integral','Integral',1,'Pendência'),
('Hilda Mosca Escola Municipal DE Educacao Infantil, EMEI','1ª Etapa Pré-Escola C Integral','Integral',1,'Pendência'),
('Honorato DE Lucca Prof, EMEF','7º Ano C Tarde','Tarde',1,'Atendida'),
('Honorato DE Lucca Prof, EMEF','4º Ano A Manhã','Manhã',2,'Pendência'),
('Honorato DE Lucca Prof, EMEF','1º Ano A Manhã','Manhã',1,'Pendência'),
('Honorato DE Lucca Prof, EMEF','7º Ano A Manhã','Manhã',1,'Pendência'),
('Honorato DE Lucca Prof, EMEF','4º Ano B Manhã','Manhã',1,'Pendência'),
('Honorato DE Lucca Prof, EMEF','2º Ano A Manhã','Manhã',1,'Pendência'),
('Iria Junqueira Dona, EMEI','Maternal 2 F Tarde','Tarde',1,'Pendência'),
('Iria Junqueira Dona, EMEI','1ª Etapa Pré-Escola E Tarde','Tarde',1,'Pendência'),
('Iria Junqueira Dona, EMEI','1ª Etapa Pré-Escola A Manhã','Manhã',1,'Pendência'),
('Iria Junqueira Dona, EMEI','1ª Etapa Pré-Escola C Manhã','Manhã',1,'Pendência'),
('Iria Junqueira Dona, EMEI','Maternal 2 B Integral','Integral',1,'Pendência'),
('Iria Junqueira Dona, EMEI','Etapa I A Manhã','Manhã',1,'Pendência'),
('Iria Junqueira Dona, EMEI','2ª Etapa Pré-Escola D Tarde','Tarde',1,'Pendência'),
('Jaime Monteiro DE Barros Prof, EMEF','4º Ano B Manhã','Manhã',1,'Pendência'),
('Jaime Monteiro DE Barros Prof, EMEF','3º Ano B Manhã','Manhã',1,'Pendência'),
('Jaime Monteiro DE Barros Prof, EMEF','4º Ano C Manhã','Manhã',1,'Pendência'),
('Jaime Monteiro DE Barros Prof, EMEF','9º Ano A Manhã','Manhã',1,'Pendência'),
('Jaime Monteiro DE Barros Prof, EMEF','5º Ano D Tarde','Tarde',1,'Atendida'),
('Jaime Monteiro DE Barros Prof, EMEF','2º Ano B Manhã','Manhã',1,'Pendência'),
('Jaime Monteiro DE Barros Prof, EMEF','2º Ano A Manhã','Manhã',1,'Pendência'),
('Jaime Monteiro DE Barros Prof, EMEF','6º Ano B Manhã','Manhã',1,'Pendência'),
('Jaime Monteiro DE Barros Prof, EMEF','1º Ano A Manhã','Manhã',1,'Pendência'),
('Jarbas Massullo Prof, EMEF','1º Ano B Tarde','Tarde',1,'Pendência'),
('Jarbas Massullo Prof, EMEF','2º Ano B Tarde','Tarde',2,'Pendência'),
('Jarbas Massullo Prof, EMEF','3º Ano B Tarde','Tarde',1,'Pendência'),
('Jarbas Massullo Prof, EMEF','9º Ano A Manhã','Manhã',1,'Pendência'),
('Jarbas Massullo Prof, EMEF','1º Ano A Tarde','Tarde',1,'Pendência'),
('Jarbas Massullo Prof, EMEF','9º Ano B Manhã','Manhã',1,'Pendência'),
('Jardim Wilma Flor','8º Ano B Manhã','Manhã',1,'Pendência'),
('Jesus Guilherme Giacomini','1º Ano B Manhã','Manhã',1,'Pendência'),
('Joao Gilberto Sampaio DR, EMEF','7º Ano C Manhã','Manhã',1,'Pendência'),
('Joao Gilberto Sampaio DR, EMEF','5º Ano A Manhã','Manhã',1,'Pendência'),
('Joao Gilberto Sampaio DR, EMEF','3º Ano A Manhã Anua','Manhã',1,'Pendência'),
('Joao Gilberto Sampaio DR, EMEF','4º Ano A Manhã','Manhã',1,'Pendência'),
('Joao Gilberto Sampaio DR, EMEF','2º Ano C Tarde','Tarde',1,'Atendida'),
('Joao Gilberto Sampaio DR, EMEF','8º Ano B Manhã','Manhã',1,'Pendência'),
('Joao Gilberto Sampaio DR, EMEF','1º Ano B Tarde','Tarde',1,'Atendida'),
('Joao Gilberto Sampaio DR, EMEF','1º Ano A Tarde','Tarde',1,'Atendida'),
('Joao Gilberto Sampaio DR, EMEF','6º Ano A Tarde','Tarde',1,'Atendida'),
('Joao Rodrigues Guiao Doutor','1º Ano A Manhã','Manhã',2,'Pendência'),
('Joao Rodrigues Guiao Doutor','1º Ano B Manhã','Manhã',2,'Pendência'),
('Joao Rodrigues Guiao Doutor','1º Ano D Tarde','Tarde',1,'Pendência'),
('Joao Sperandio Deputado, EMEI','2ª Etapa Pré-Escola A Manhã','Manhã',1,'Atendida'),
('Jorge Rodini Luiz Professor','1º Ano B Manhã','Manhã',1,'Atendida'),
('Jorge Rodini Luiz Professor','1º Ano C Manhã','Manhã',1,'Atendida'),
('Jorge Rodini Luiz Professor','1º Ano E Tarde','Tarde',1,'Atendida'),
('Jose Bonifacio Coutinho Nogueira, EMEI','2ª Etapa Pré-Escola A Manhã','Manhã',1,'Pendência'),
('Jose Bonifacio Coutinho Nogueira, EMEI','2ª Etapa Pré-Escola C Tarde','Tarde',1,'Atendida'),
('Jose Bonifacio Coutinho Nogueira, EMEI','1ª Etapa Pré-Escola A Manhã','Manhã',1,'Pendência'),
('Jose Carlos Sobral DR, EMEI','Ciclo IV F Integral','Integral',1,'Pendência'),
('Jose Carlos Sobral DR, EMEI','2ª Etapa Pré-Escola C Integral','Integral',1,'Pendência'),
('Jose Carlos Sobral DR, EMEI','2ª Etapa Pré-Escola E Integral','Integral',1,'Pendência'),
('Jose Carlos Sobral DR, EMEI','1ª Etapa Pré-Escola D Integral','Integral',1,'Pendência'),
('Jose Delibo Vereador, EMEF','1º Ano B Tarde','Tarde',2,'Pendência'),
('Jose Delibo Vereador, EMEF','1º Ano C Tarde','Tarde',2,'Pendência'),
('Jose Delibo Vereador, EMEF','9º Ano C Tarde','Tarde',1,'Pendência'),
('Jose Delibo Vereador, EMEF','5º Ano A Manhã','Manhã',1,'Atendida'),
('Jose Delibo Vereador, EMEF','9º Ano B Manhã','Manhã',1,'Atendida'),
('Jose Delibo Vereador, EMEF','2º Ano A Manhã','Manhã',1,'Atendida'),
('Jose Delibo Vereador, EMEF','6º Ano A Manhã','Manhã',1,'Atendida'),
('Jose Delibo Vereador, EMEF','7º Ano A Manhã','Manhã',1,'Atendida'),
('Jose Delibo Vereador, EMEF','4º Ano A Manhã','Manhã',1,'Atendida'),
('Jose Delibo Vereador, EMEF','8º Ano B Tarde','Tarde',1,'Pendência'),
('Jose Lima Pedreira DE Freitas Professora','1º Ano B Integral 9H','Integral',1,'Pendência'),
('Jose Pedro Moreira Prof, EMEI','2ª Etapa Pré-Escola L Tarde','Tarde',1,'Atendida'),
('Jose Pedro Moreira Prof, EMEI','1ª Etapa Pré-Escola E Manhã','Manhã',1,'Atendida'),
('Jose Pedro Moreira Prof, EMEI','2ª Etapa Pré-Escola F Manhã','Manhã',1,'Atendida'),
('Jose Pedro Moreira Prof, EMEI','1ª Etapa Pré-Escola H Tarde','Tarde',1,'Atendida'),
('Jose Rodini Luiz Prof, EMEF','4º Ano A Manhã','Manhã',2,'Pendência'),
('Jose Rodini Luiz Prof, EMEF','4º Ano B Tarde','Tarde',1,'Atendida'),
('Jose Rodini Luiz Prof, EMEF','2º Ano A Manhã','Manhã',1,'Pendência'),
('Jose Rodini Luiz Prof, EMEF','6º Ano A Manhã','Manhã',1,'Pendência'),
('Jose Rodini Luiz Prof, EMEF','8º Ano A Manhã','Manhã',1,'Pendência'),
('Jose Rodini Luiz Prof, EMEF','9º Ano A Manhã','Manhã',2,'Pendência'),
('Jose Rodini Luiz Prof, EMEF','3º Ano B Tarde','Tarde',1,'Atendida'),
('Julieta Fernanda Sousa Taranto','6º Ano A Tarde','Tarde',1,'Pendência'),
('Julio Cesar Voltarelli DR, EMEF','1º Ano C Tarde','Tarde',1,'Atendida'),
('Julio Cesar Voltarelli DR, EMEF','2º Ano C Tarde','Tarde',2,'Atendida'),
('Julio Cesar Voltarelli DR, EMEF','2º Ano B Manhã','Manhã',2,'Pendência'),
('Julio Cesar Voltarelli DR, EMEF','2º Ano A Manhã','Manhã',2,'Pendência'),
('Julio Cesar Voltarelli DR, EMEF','2º Ano E Tarde','Tarde',2,'Atendida'),
('Julio Cesar Voltarelli DR, EMEF','5º Ano B Manhã','Manhã',1,'Pendência'),
('Julio Cesar Voltarelli DR, EMEF','3º Ano B Manhã','Manhã',2,'Pendência'),
('Julio Cesar Voltarelli DR, EMEF','4º Ano D Tarde','Tarde',1,'Atendida'),
('Julio Cesar Voltarelli DR, EMEF','4º Ano B Manhã','Manhã',1,'Pendência'),
('Julio Cesar Voltarelli DR, EMEF','3º Ano A Manhã','Manhã',1,'Pendência'),
('Kinderspiel Colegio','2º Ano A Tarde','Tarde',1,'Fora da rede municipal'),
('Lilian Spadaro Rosa E Silva Profa, EMEI','Maternal 2 C Integral','Integral',1,'Pendência'),
('Lilian Spadaro Rosa E Silva Profa, EMEI','Etapa I B Manhã','Manhã',1,'Pendência'),
('Lilian Spadaro Rosa E Silva Profa, EMEI','2ª Etapa Pré-Escola B Manhã','Manhã',1,'Pendência'),
('Luis Amaral Mousinho Dom, EMEF','4º Ano A Manhã','Manhã',1,'Atendida'),
('Luis Amaral Mousinho Dom, EMEF','9º Ano A Manhã','Manhã',2,'Atendida'),
('Luis Amaral Mousinho Dom, EMEF','4º Ano B Manhã','Manhã',2,'Atendida'),
('Luis Amaral Mousinho Dom, EMEF','2º Ano A Manhã','Manhã',1,'Atendida'),
('Luis Amaral Mousinho Dom, EMEF','3º Ano A Manhã','Manhã',1,'Atendida'),
('Luis Amaral Mousinho Dom, EMEF','5º Ano A Manhã','Manhã',1,'Atendida'),
('Maria Apparecida Borges DE Oliveira Bonini, EMEI','Maternal II D Tarde','Tarde',1,'Atendida'),
('Maria Apparecida Borges DE Oliveira Bonini, EMEI','Etapa I G - Tarde','Tarde',1,'Atendida'),
('Maria Apparecida Borges DE Oliveira Bonini Profa, EMEI','1ª Etapa Pré-Escola D Manhã','Manhã',1,'Atendida'),
('Maria Helena Braga Monte Serrat Doutora, EMEI','2ª Etapa Pré-Escola B Integral','Integral',1,'Atendida'),
('Maria Helena Braga Monte Serrat Doutora, EMEI','2ª Etapa Pré-Escola C Manhã','Manhã',1,'Atendida'),
('Maria Ignez Lopes Rossi Profa, EMEF','1º Ano B Tarde','Tarde',1,'Pendência'),
('Maria Ignez Lopes Rossi Profa, EMEF','1º Ano A Tarde','Tarde',1,'Pendência'),
('Maria Ignez Lopes Rossi Profa, EMEF','9º Ano B Manhã','Manhã',1,'Atendida'),
('Maria Ignez Lopes Rossi Profa, EMEF','4º Ano B Tarde','Tarde',1,'Pendência'),
('Maria Ignez Lopes Rossi Profa, EMEF','4º Ano A Tarde','Tarde',1,'Pendência'),
('Maria Ignez Lopes Rossi Profa, EMEF','2º Ano A Tarde','Tarde',1,'Pendência'),
('Maria Ignez Lopes Rossi Profa, EMEF','2º Ano B Tarde','Tarde',1,'Pendência'),
('Maria Ignez Lopes Rossi Profa, EMEF','6º Ano B Manhã','Manhã',1,'Atendida'),
('Maria Ines Vieira Machado, EMEF','Etapa II A Integral','Integral',1,'Pendência'),
('Maria Ines Vieira Machado, EMEF','1º Ano A Manhã','Manhã',1,'Atendida'),
('Maria Ines Vieira Machado, EMEF','3º Ano A Manhã','Manhã',2,'Atendida'),
('Maria Ines Vieira Machado, EMEF','4º Ano E Tarde','Tarde',1,'Pendência'),
('Maria Ines Vieira Machado, EMEF','3º Ano C Tarde','Tarde',1,'Pendência'),
('Maria Ines Vieira Machado, EMEF','4º Ano F Tarde','Tarde',1,'Pendência'),
('Marista IR Rui Leopoldo Depine Centro Educacional','1º Ano A Tarde','Tarde',3,'Fora da rede municipal'),
('Marlene Jorge dos Reis Profa, EMEI','Maternal 2 B Manhã','Manhã',1,'Pendência'),
('Marlene Jorge dos Reis Profa, EMEI','1ª Etapa Pré-Escola E Manhã','Manhã',2,'Pendência'),
('Marlene Jorge dos Reis Profa, EMEI','1ª Etapa Pré-Escola H Tarde','Tarde',1,'Pendência'),
('Marlene Jorge dos Reis Profa, EMEI','2ª Etapa Pré-Escola D Manhã','Manhã',1,'Pendência'),
('Marlene Jorge dos Reis Profa, EMEI','2ª Etapa Pré-Escola C Manhã','Manhã',1,'Pendência'),
('Marlene Jorge dos Reis Profa, EMEI','1ª Etapa Pré-Escola F Tarde','Tarde',1,'Pendência'),
('Metropolitana Escola','1º Ano B Tarde','Tarde',1,'Fora da rede municipal'),
('Miguel Mussi Prof, EMEI','1ª Etapa Pré-Escola B Manhã','Manhã',1,'Pendência'),
('Miguel Mussi Prof, EMEI','2ª Etapa Pré-Escola A Manhã','Manhã',1,'Pendência'),
('Miguel Mussi Prof, EMEI','Eatapa II B Manhã','Manhã',1,'Pendência'),
('Miguel Mussi Prof, EMEI','Etapa II B - Manhã','Manhã',1,'Pendência'),
('Miguel Mussi Prof, EMEI','Etapa II A - Manhã','Manhã',1,'Pendência'),
('Moacir Firmino, EMEI','1ª Etapa Pré-Escola B Manhã','Manhã',1,'Atendida'),
('Moacir Firmino, EMEI','2ª Etapa Pré-Escola C Tarde','Tarde',1,'Atendida'),
('Moacir Firmino, EMEI','1ª Etapa Pré-Escola A Manhã','Manhã',1,'Atendida'),
('Moacir Firmino, EMEI','2ª Etapa Pré-Escola A Manhã','Manhã',1,'Atendida'),
('Narciso Nicolodi Irmao, EMEI','2ª Etapa Pré-Escola A Manhã','Manhã',2,'Atendida'),
('Neide Aparecida Golfetto DE Castro Profa, EMEI','Etapa I C Manhã','Manhã',1,'Pendência'),
('Neide Aparecida Golfetto DE Castro Profa, EMEI','2ª Etapa Pré-Escola E Tarde','Tarde',1,'Atendida'),
('Neide Aparecida Golfetto DE Castro Profa, EMEI','2ª Etapa Pré-Escola A Manhã','Manhã',1,'Pendência'),
('Neide Apparecida Golfetto DE Castro, EMEI','2ª Etapa Pré-Escola B Manhã','Manhã',1,'Atendida'),
('Nelson Machado, EMEF','9º Ano C Tarde','Tarde',1,'Atendida'),
('Nelson Machado, EMEF','9º Ano D Manhã','Manhã',1,'Atendida'),
('Nelson Machado, EMEF','4º Ano B Tarde','Tarde',1,'Atendida'),
('Nelson Machado, EMEF','2º Ano B Tarde','Tarde',1,'Atendida'),
('Nelson Machado, EMEF','3º Ano B Tarde','Tarde',1,'Atendida'),
('Nelson Machado, EMEF','1º Ano B Tarde','Tarde',2,'Atendida'),
('Neuza Michelutti Marzola Profa, EMEF','1º Ano B Tarde','Tarde',1,'Atendida'),
('Neuza Michelutti Marzola Profa, EMEF','1º Ano A Manhã','Manhã',1,'Pendência'),
('Neuza Michelutti Marzola Profa, EMEF','2º Ano A Manhã','Manhã',2,'Pendência'),
('Neuza Michelutti Marzola Profa, EMEF','1º Ano C Tarde','Tarde',2,'Atendida'),
('Neuza Michelutti Marzola Profa, EMEF','7º Ano B Tarde','Tarde',1,'Atendida'),
('Neuza Michelutti Marzola Profa, EMEF','6º Ano B Manhã','Manhã',1,'Pendência'),
('Neuza Michelutti Marzola Profa, EMEF','8º Ano B Manhã','Manhã',1,'Pendência'),
('Neuza Michelutti Marzola Profa, EMEF','4º Ano B Manhã','Manhã',2,'Pendência'),
('Neuza Michelutti Marzola Profa, EMEF','8º Ano A Manhã','Manhã',1,'Pendência'),
('Neuza Michelutti Marzola Profa, EMEF','2º Ano D Tarde','Tarde',1,'Atendida'),
('Neuza Michelutti Marzola Profa, EMEF','3º Ano A Manhã','Manhã',1,'Pendência'),
('Neuza Michelutti Marzola Profa, EMEF','6º Ano C Tarde','Tarde',1,'Atendida'),
('Nicolau Dinamarco Spinelli DR, EMEI','2ª Etapa Pré-Escola B Manhã','Manhã',1,'Atendida'),
('Paulo Freire Prof, EMEF','4º Ano A Manhã','Manhã',1,'Atendida'),
('Paulo Freire Prof, EMEF','5º Ano A Manhã','Manhã',2,'Atendida'),
('Paulo Freire Prof, EMEF','6º Ano B Tarde','Tarde',1,'Atendida'),
('Paulo Freire Prof, EMEF','8º Ano A Manhã','Manhã',1,'Atendida'),
('Paulo Freire Prof, EMEF','2º Ano C Tarde','Tarde',1,'Atendida'),
('Paulo Freire Prof, EMEF','2º Ano D Tarde','Tarde',1,'Atendida'),
('Paulo Freire Prof, EMEF','7º Ano A Manhã','Manhã',1,'Atendida'),
('Paulo Freire Prof, EMEF','2º Ano A Manhã','Manhã',1,'Atendida'),
('Paulo Freire Prof, EMEF','3º Ano A Manhã','Manhã',1,'Atendida'),
('Paulo Freire Prof, EMEF','7º Ano C Tarde','Tarde',1,'Atendida'),
('Paulo Freire Prof, EMEF','7º Ano B Manhã','Manhã',1,'Atendida'),
('Paulo Henrique DE Souza, EMEI','2ª Etapa Pré-Escola B Integral','Integral',1,'Atendida'),
('Paulo Monte Serrat Filho Prof DR, EMEF','1º Ano A Manhã','Manhã',2,'Pendência'),
('Paulo Monte Serrat Filho Prof DR, EMEF','1º Ano C Tarde','Tarde',1,'Pendência'),
('Paulo Monte Serrat Filho Prof DR, EMEF','6º Ano C Tarde','Tarde',1,'Pendência'),
('Paulo Monte Serrat Filho Prof DR, EMEF','5º Ano C Tarde','Tarde',1,'Pendência'),
('Paulo Monte Serrat Filho Prof DR, EMEF','2º Ano A Manhã','Manhã',3,'Pendência'),
('Paulo Monte Serrat Filho Prof DR, EMEF','3º Ano C Tarde','Tarde',3,'Pendência'),
('Paulo Monte Serrat Filho Prof DR, EMEF','5º Ano A Manhã','Manhã',1,'Pendência'),
('Paulo Monte Serrat Filho Prof DR, EMEF','4º Ano B Manhã','Manhã',1,'Pendência'),
('Paulo Monte Serrat Filho Prof DR, EMEF','9º Ano B Manhã','Manhã',1,'Pendência'),
('Paulo Monte Serrat Filho Prof DR, EMEF','2º Ano B Manhã','Manhã',1,'Pendência'),
('Paulo Monte Serrat Filho Prof DR, EMEF','6º Ano B Tarde','Tarde',1,'Pendência'),
('Paulo Monte Serrat Filho Prof DR, EMEF','9º Ano A Manhã','Manhã',1,'Pendência'),
('Paulo Monte Serrat Filho Prof DR, EMEF','3º Ano A Manhã','Manhã',1,'Pendência'),
('Paulo Monte Serrat Filho Prof DR, EMEF','2º Ano C - Tarde','Tarde',1,'Pendência'),
('Raul Machado Prof, EMEF','3º Ano B Manhã','Manhã',3,'Atendida'),
('Raul Machado Prof, EMEF','1º Ano B Manhã','Manhã',1,'Atendida'),
('Raul Machado Prof, EMEF','2º Ano E Tarde','Tarde',1,'Pendência'),
('Raul Machado Prof, EMEF','3º Ano C Tarde','Tarde',1,'Pendência'),
('Raul Machado Prof, EMEF','3º Ano E Tarde','Tarde',2,'Pendência'),
('Raul Machado Prof, EMEF','5º Ano D Tarde','Tarde',1,'Pendência'),
('Raul Machado Prof, EMEF','2º Ano C Manhã','Manhã',1,'Atendida'),
('Raul Machado Prof, EMEF','4º Ano A Manhã','Manhã',1,'Atendida'),
('Raul Machado Prof, EMEF','4º Ano D Tarde','Tarde',1,'Pendência'),
('Raul Machado Prof, EMEF','4º Ano B Manhã','Manhã',1,'Atendida'),
('Raul Machado Prof, EMEF','5º Ano B Manhã','Manhã',2,'Atendida'),
('Raul Machado Prof, EMEF','3º Ano D Tarde','Tarde',1,'Pendência'),
('Raul Machado Prof, EMEF','2º Ano D Tarde','Tarde',1,'Pendência'),
('Raul Machado Prof, EMEF','1º Ano E Tarde','Tarde',1,'Pendência'),
('Raul Machado Prof, EMEF','1º Ano C - Manhã','Manhã',1,'Atendida'),
('Pedro DE Oliveira Santos, EMEI','2ª Etapa Pré-Escola B Manhã','Manhã',1,'Pendência'),
('Professor Lauro Bigélli','1º Ano B Tarde','Tarde',1,'Pendência'),
('Professor Lauro Bigélli','1º Ano A Manhã','Manhã',1,'Pendência'),
('Roberto Afonso Pontes, EMEI','1ª Etapa Pré-Escola C Tarde','Tarde',1,'Pendência'),
('Roberto Afonso Pontes, EMEI','Etapa II E Tarde','Tarde',1,'Pendência'),
('Ruy Escorel Ferreira Santos DR, EMEI','2ª Etapa Pré-Escola D Integral','Integral',1,'Atendida'),
('Ruy Escorel Ferreira Santos DR, EMEI','2ª Etapa Pré-Escola A Integral','Integral',1,'Atendida'),
('Salvador Marturano Prof, EMEF','2º Ano D Tarde','Tarde',2,'Pendência'),
('Salvador Marturano Prof, EMEF','4º Ano C Manhã','Manhã',1,'Pendência'),
('Salvador Marturano Prof, EMEF','1º Ano D Tarde','Tarde',1,'Pendência'),
('Salvador Marturano Prof, EMEF','1º Ano C Manhã','Manhã',1,'Pendência'),
('Salvador Marturano Prof, EMEF','4º Ano F Tarde','Tarde',1,'Pendência'),
('Salvador Marturano Prof, EMEF','4º Ano B Manhã','Manhã',1,'Pendência'),
('Salvador Marturano Prof, EMEF','2º Ano A Manhã','Manhã',1,'Pendência'),
('Salvador Marturano Prof, EMEF','5º Ano D Tarde','Tarde',1,'Pendência'),
('Salvador Marturano Prof, EMEF','2º Ano C Tarde','Tarde',1,'Pendência'),
('Salvador Marturano Prof, EMEF','2º Ano B Manhã','Manhã',1,'Pendência'),
('Salvador Marturano Prof, EMEF','5º Ano E Tarde','Tarde',1,'Pendência'),
('Santa Maria Goretti, EMEI','2ª Etapa Pré-Escola B Manhã','Manhã',1,'Atendida'),
('Santa Maria Goretti, EMEI','2ª Etapa Pré-Escola E Tarde','Tarde',2,'Atendida'),
('Sebastiao DE Aguiar Azevedo I, EMEF','1º Ano E Tarde','Tarde',2,'Pendência'),
('Sebastiao DE Aguiar Azevedo I, EMEF','1º Ano A Manhã','Manhã',1,'Pendência'),
('Sebastiao DE Aguiar Azevedo I, EMEF','1º Ano C Manhã','Manhã',1,'Pendência'),
('Sebastiao DE Aguiar Azevedo I, EMEF','4º Ano A Tarde','Tarde',1,'Pendência'),
('Sebastiao DE Aguiar Azevedo I, EMEF','4º Ano A Manhã','Manhã',1,'Pendência'),
('Sebastiao DE Aguiar Azevedo I, EMEF','2º Ano A Manhã','Manhã',1,'Pendência'),
('Sebastiao DE Aguiar Azevedo I, EMEF','3º Ano E Tarde','Tarde',1,'Pendência'),
('Sebastiao DE Aguiar Azevedo I, EMEF','4º Ano D Tarde','Tarde',2,'Pendência'),
('Sebastiao DE Aguiar Azevedo I, EMEF','2º Ano C Tarde','Tarde',2,'Pendência'),
('Sebastiao DE Aguiar Azevedo I, EMEF','3º Ano B Manhã','Manhã',1,'Pendência'),
('Sebastiao DE Aguiar Azevedo I, EMEF','1º Ano B Tarde','Tarde',1,'Pendência'),
('Sebastião DE Aguiar Azevedo I, EMEF','4º Ano C Tarde','Tarde',1,'Atendida'),
('Sebastião DE Aguiar Azevedo I, EMEF','2º Ano F Tarde','Tarde',1,'Atendida'),
('Sebastiao DE Aguiar Azevedo Unidade II, EMEF','6º Ano E Tarde','Tarde',2,'Fora da rede municipal'),
('Sebastiao DE Aguiar Azevedo Unidade II, EMEF','6º Ano D Tarde','Tarde',1,'Fora da rede municipal'),
('Sebastiao DE Aguiar Azevedo Unidade II, EMEF','8º Ano D Manhã','Manhã',2,'Fora da rede municipal'),
('Sebastiao DE Aguiar Azevedo Unidade II, EMEF','9º Ano B Manhã','Manhã',1,'Fora da rede municipal'),
('Sócrates Brasileiro','1º Ano A Tarde','Tarde',1,'Pendência'),
('Teresa Hendrica Antonissen, EMEI','2ª Etapa Pré-Escola A Manhã','Manhã',1,'Pendência'),
('Teresa Hendrica Antonissen, EMEI','1ª Etapa Pré-Escola E Tarde','Tarde',1,'Atendida'),
('Teresa Hendrica Antonissen, EMEI','2ª Etapa Pré-Escola C Manhã','Manhã',1,'Pendência'),
('Teresa Hendrica Antonissen, EMEI','Maternal 2 G Integral','Integral',1,'Pendência'),
('Teresa Hendrica Antonissen, EMEI','Maternal II B Integral','Integral',1,'Pendência'),
('Veiga DE Miranda Ministro','1º Ano A Manhã','Manhã',1,'Pendência'),
('Veiga DE Miranda Ministro','1º Ano B Tarde','Tarde',1,'Pendência'),
('Vinte E Cinco DE Dezembro Lar Escola DA Crianca','Maternal 2 G Integral','Integral',1,'Pendência'),
('Virgilio Salata, EMEF','2º Ano D Tarde','Tarde',1,'Pendência'),
('Virgilio Salata, EMEF','2º Ano A Manhã','Manhã',3,'Atendida'),
('Virgilio Salata, EMEF','1º Ano B Tarde','Tarde',1,'Pendência'),
('Virgilio Salata, EMEF','1º Ano E Tarde','Tarde',2,'Pendência'),
('Virgilio Salata, EMEF','4º Ano D Tarde','Tarde',2,'Pendência'),
('Virgilio Salata, EMEF','6º Ano B Tarde','Tarde',1,'Pendência'),
('Virgilio Salata, EMEF','3º Ano A Manhã','Manhã',3,'Atendida'),
('Virgilio Salata, EMEF','3º Ano C Tarde','Tarde',1,'Pendência'),
('Virgilio Salata, EMEF','4º Ano B Manhã','Manhã',1,'Atendida'),
('Virgilio Salata, EMEF','4º Ano C Tarde','Tarde',1,'Pendência'),
('Virgilio Salata, EMEF','5º Ano C Tarde','Tarde',1,'Pendência'),
('Virgilio Salata, EMEF','5º Ano D Tarde','Tarde',1,'Pendência'),
('Virgilio Salata, EMEF','9º Ano B Manhã','Manhã',2,'Atendida'),
('Virgilio Salata, EMEF','7º Ano B Manhã','Manhã',1,'Atendida'),
('Virgilio Salata, EMEF','8º Ano C Manhã','Manhã',1,'Atendida'),
('Virgilio Salata, EMEF','6º Ano A Manhã','Manhã',1,'Atendida'),
('Vitor Youssef Darkoubi, CEI','Maternal I F Integral','Integral',1,'Pendência'),
('Waldemar Roberto Professor Doutor, EMEF','3º Ano B Manhã','Manhã',1,'Atendida'),
('Waldemar Roberto Professor Doutor, EMEF','4º Ano B Manhã','Manhã',1,'Atendida'),
('Waldemar Roberto Professor Doutor, EMEF','6º Ano A Manhã','Manhã',1,'Atendida'),
('Waldemar Roberto Professor Doutor, EMEF','2º Ano A Manhã','Manhã',1,'Atendida'),
('Wanda Princivalli Marcal, EMEI','2ª Etapa Pré-Escola E Tarde','Tarde',1,'Pendência'),
('Wanda Princivalli Marcal, EMEI','2ª Etapa Pré-Escola C Manhã','Manhã',2,'Pendência'),
('Wanda Princivalli Marcal, EMEI','2ª Etapa Pré-Escola A Manhã','Manhã',1,'Pendência'),
('Wanda Princivalli Marcal, EMEI','2ª Etapa Pré-Escola B Manhã','Manhã',1,'Pendência'),
('Wanda Princivalli Marcal, EMEI','2ª Etapa Pré-Escola D Tarde','Tarde',1,'Pendência'),
('Wanda Princivalli Marcal, EMEI','2ª Etapa Pré-Escola G Tarde','Tarde',1,'Pendência'),
('Wilson Roselino DR, EMEI','2ª Etapa A Integral','Integral',1,'Pendência'),
('','','Outro',17,'Atendida'),
('Sebastiao DE Aguiar Azevedo, EMEF','1º Ano C Manhã','Manhã',1,'Atendida'),
('Eponina DE Britto Rosseto, EMEF','3º Ano A Tarde','Tarde',1,'Atendida'),
('João DA Cruz Moreira, CEI','Maternal 2 A - Integral','Integral',1,'Pendência'),
('Jose Pedro Moreira, EMEI','Etapa I K Tarde','Tarde',1,'Atendida'),
('Luis DO Amaral Mousinho, EMEF','3º Ano D Tarde','Tarde',3,'Atendida'),
('Modelo Marincek, CEI','Maternal II G - Integral','Integral',1,'Pendência'),
('Leonor Mertília Costa, CEI','Maternal II E - Integral','Integral',1,'Pendência'),
('Maria Helena Braga Monte Serrat, EMEI','Etapa 2 C - Manhã','Manhã',1,'Atendida'),
('Doutor José Roberto Felicio, EMEI','Etapa I B - Manhã','Manhã',1,'Atendida'),
('Elisa Duboc Garcia, EMEF','8º Ano C Tarde','Tarde',1,'Atendida'),
('Hilda Mosca, EMEI','Maternal 2 F - Integral','Integral',1,'Atendida'),
('Raul Machado, EMEF','1º Ano E - Tarde','Tarde',1,'Atendida');
INSERT INTO ee_liminar_aluno (aluno,ra,escola,turma,periodo,deficiencia) VALUES
('Guilherme Mattos DE Jesus Silva','125626314','Adriana Coutinho Brandani Camilo, EMEI','Maternal 2 B Integral','Integral','Tea'),
('Valter Rojas Figueiredo Cardoso','123333294','Albert Einstein, EMEI','2ª Etapa Pré-Escola E Tarde','Tarde','Tea'),
('Thiago Carvalho dos Santos','122609874','Alberto Ferriani Professor','1º Ano A Manhã','Manhã','Tea'),
('Lucas Breno Borges Abreu','120047428','Alcina dos Santos Heck, EMEF','4ºano A/tarde','Tarde','Tea'),
('Samuel Borges Ferreira','124958964','Alcina dos Santos Heck, EMEF','4º Ano B Tarde','Tarde','Tea'),
('Theo Pavaneli Costa','122573015','Alcina dos Santos Heck, EMEF','2º Ano B Tarde','Tarde','Tea/di'),
('Artur Melo dos Reis','120053137','Alcina dos Santos Heck, EMEF','5º Ano A Manhã','Manhã','Tea'),
('Pedro Taniguti','120061534','Alcina dos Santos Heck, EMEF','6º Ano B Manhã','Manhã','Tea Intelectual'),
('Yago Teodoro Ferreira DE Paula','114311969','Alcina dos Santos Heck, EMEF','7º Ano A Manhã','Manhã','Tea'),
('Larissa Borges Ferreira','125146936','Alcina dos Santos Heck, EMEF','1º Ano A Tarde','Tarde','DI / Tea - Nivel 3'),
('Gael Chaves Souza','126053252','Alfeu Luiz Gasparini Professor, EMEF','2º Ano E Tarde','Tarde','Tea - Nivel 3'),
('Emanuela Santos DE Oliveira','123519490','Alfeu Luiz Gasparini Professor, EMEF','1º Ano E Tarde','Tarde','Tea - Nivel 2'),
('Gabriel Ferreira Cavalcanti','116116824','Alfeu Luiz Gasparini Professor, EMEF','6º Ano D Tarde','Tarde','DI / Tea - Nivel 3'),
('Moises Vieira Santos DE Sena','122831370','Alfeu Luiz Gasparini Professor, EMEF','2º Ano F Tarde','Tarde','DI / Tea - Nivel 3'),
('Arthur Rocha Camilo','120428705','Alfeu Luiz Gasparini Professor, EMEF','6º Ano A Manhã','Manhã','Tea - Nivel 2'),
('Edgar Reinaldo Prandini Júnior','116368301','Alfeu Luiz Gasparini Professor, EMEF','4º Ano A Manhã','Manhã','Sindrome DE Down'),
('Gustavo Luis Pereira DA Silva','114179428','Alfeu Luiz Gasparini Professor, EMEF','7º Ano A Manhã','Manhã','Tea - Nivel 1'),
('João Guilherme Rodrigues DE Oliveira','120869925','Alfeu Luiz Gasparini Professor, EMEF','3º Ano A Manhã','Manhã','DI / Tea'),
('Joaquim DE Camargo Cardoso','122468660','Alfeu Luiz Gasparini Professor, EMEF','2º Ano C Manhã','Manhã','Di/tea - Nivel 2'),
('Luis Gustavo DA Silva DE Andrade','122396438','Alfeu Luiz Gasparini Professor, EMEF','2º Ano A Manhã','Manhã','Di/tea - Nivel 2'),
('Luiz Gustavo DA Silva Maximo','121570813','Alfeu Luiz Gasparini Professor, EMEF','2º Ano A Manhã','Manhã','Di/tea - Nivel 2'),
('Maria Victoria Neves DA Silva','114559173','Alfeu Luiz Gasparini Professor, EMEF','7º Ano D Tarde','Tarde','Tea'),
('Melissa Roberta Silva','121280918','Alfeu Luiz Gasparini Professor, EMEF','5º Ano A Manhã','Manhã','Sindrome DE Down'),
('Miguel Dandaro Emidio','120014462','Alfeu Luiz Gasparini Professor, EMEF','3º Ano C Tarde','Tarde','Tea - Sem Cadastro DE Nivel'),
('Miguel Ferreira Campos','120874580','Alfeu Luiz Gasparini Professor, EMEF','4º Ano B Manhã','Manhã','Tea'),
('Guilherme Elias DE Paula Nunes Alencar','115408367','Alfeu Luiz Gasparini Professor, EMEF','8º Ano C Tarde','Tarde','Tea Intelectual'),
('Benjamin Enzo Ferreira Barbosa','122804465','Alfeu Luiz Gasparini Professor, EMEF','1º Ano A Manhã','Manhã','Tea - Nivel 3'),
('Emanuelly Vitória Fernandes Bento','120077560','Alfeu Luiz Gasparini Professor, EMEF','6º Ano D Tarde','Tarde','DI / Tea - Nivel 2'),
('Marina Araujo dos Anjos Costa','114335202','Alfeu Luiz Gasparini Professor, EMEF','6º Ano C Manhã','Manhã','Intelectual'),
('Bryan Cicilini DE Oliveira','122834157','Alfeu Luiz Gasparini Professor, EMEF','2º Ano B Manhã','Manhã','Tea - Nivel 3'),
('Théo Nascimento dos Santos','123331469','Aloizio Olaia Paschoal, EMEI','2ª Etapa Pré-Escola B Integral','Integral','DI / Tea - Nivel 2'),
('Luiz Henrique Zaroti Ramalho','125108721','Amelia Junqueira, EMEI','2ª Etapa Pré-Escola B Manhã','Manhã','Tea - Nivel 2'),
('Maria Eduarda Ribeiro Fernandes','124945946','Amelia Junqueira, EMEI','1ª Etapa Pré-Escola E Tarde','Tarde','Tea - Nivel 2'),
('Antony Augusto Silva Barra','124139211','Alpheu Dominiguetti Professor','1º Ano A Tarde','Tarde','Multipla Fisica Cadeirante / DI'),
('Heitor Henrique Antonio Freitas','123886162','Alpheu Dominiguetti Professor','1º Ano A Tarde','Tarde','Sindrome DE Down'),
('Joaquim Souza Martin','124902924','Amelia Junqueira, EMEI','2ª Etapa Pré-Escola D Tarde','Tarde','Tea - Nivel 3'),
('Anthony Cavalcante Aguiar','124663389','Amelia Sofia Rodrigues DA Costa, EMEI','1ª Etapa Pré-Escola A Manhã','Manhã','DI / Tea - Nivel 3'),
('Lucca Fidelles DE Castro Silva','124559312','Amelia Sofia Rodrigues DA Costa, EMEI','2ª Etapa Pré-Escola B Tarde','Tarde','Tea - Nivel 3'),
('Rafael Santiago DO Prado','123320003','Amelia Sofia Rodrigues DA Costa, EMEI','2ª Etapa Pré-Escola B Tarde','Tarde','Tea - Nivel 2'),
('Maria Júlia Martins Domingos','122511106','Amelia Sofia Rodrigues DA Costa, EMEI','2ª Etapa Pré-Escola B Tarde','Tarde','Tea'),
('Anne Cardoso DE Oliveira','124385294','Ana dos Santos Gabarra, EMEI','2ª Etapa Pré-Escola B Manhã','Manhã','Tea / DI - Invest. - Nivel 3'),
('Maria Luiza Giovannetti Garofo','126045274','Ana dos Santos Gabarra, EMEI','1ª Etapa Pré-Escola E Tarde','Tarde','Tea'),
('Igor DE Freitas Brando','125225468','Anisio Teixeira Prof, EMEF','3º Ano B Tarde','Tarde','Tea'),
('Rebecca DE Souza Corsi Fernandes','122875659','Anisio Teixeira Prof, EMEF','1º Ano A Manhã','Manhã','Tea'),
('Alice Martins Matheus','122394876','Anisio Teixeira Prof, EMEF','2º Ano A Manhã','Manhã','Tea'),
('Clara Gomes DE Araujo Junqueira','116555697','Anisio Teixeira Prof, EMEF','6º Ano C Tarde','Tarde','Tea - Nivel 3'),
('Davi Antloga Lopes Moreira','122743905','Anisio Teixeira Prof, EMEF','3º Ano B Tarde','Tarde','Sem Def NO Sed'),
('Davi Machado Registro','122394624','Anisio Teixeira Prof, EMEF','2º Ano B Tarde','Tarde','Tea - Nivel 3'),
('Yan DE Sousa Braz Marques','124941645','Anisio Teixeira Prof, EMEF','3º Ano B Tarde','Tarde','Tea - Nivel 3'),
('Diego DE Marchi','109443477','Anisio Teixeira Prof, EMEF','5º Ano B Manhã','Manhã','Sindrome DE Down'),
('Emanuel Mendes DO Nascimento','112668166','Anisio Teixeira Prof, EMEF','9º Ano D Tarde','Tarde','Sindrome DE Down'),
('Enzo Fernandes DE Matos','112781201','Anisio Teixeira Prof, EMEF','9º Ano B Manhã','Manhã','Baixa Visão'),
('Guilherme Vaideman Cabral','121557905','Anisio Teixeira Prof, EMEF','3º Ano A Manhã','Manhã','Tea - Nivel 3'),
('Luiza Scarafici Martoneto','120580064','Anisio Teixeira Prof, EMEF','5º Ano C Tarde','Tarde','Sindrome DE Down'),
('Marissa Scanderalli dos Santos','121364636','Anisio Teixeira Prof, EMEF','3º Ano A Manhã','Manhã','Sem Def. Sed'),
('Matheus Manoel Santos DA Silva','116170488','Anisio Teixeira Prof, EMEF','5º Ano B Manhã','Manhã','Tea - Nivel 1'),
('Erick Januario Muniz','122456898','Anisio Teixeira Prof, EMEF','1º Ano A Manhã','Manhã','Di/ Tdah/tea - Nivel 2'),
('Brayan Alves DA Silva','113981839','Antonio Palocci, EMEF','7º Ano B Manhã','Manhã','Tea'),
('Kaio DA Silva dos Santos','125980451','Anisio Teixeira Prof, EMEF','9º Ano C Tarde','Tarde','Não Esta NO Municipio'),
('Lara Ferreira Costa Vale','111389399','Anisio Teixeira Prof, EMEF','9º Ano C Tarde','Tarde','Não Esta NO Municipio'),
('Jean Gabriel Urbano Ribeiro','123411868','Antonio Palocci, EMEF','5º Ano B Tarde','Tarde','Tea'),
('Nicolas Natcheff Salas','124058618','Antonio Diederichsen','1º Ano B Manhã','Manhã','Tea Intelectual'),
('Alice Almeida Diniz','123318756','Antonio Diederichsen','1º Ano C Tarde','Tarde','Tea'),
('Phelipe Baronceli Caniceiro','122879662','Antonio Diederichsen','1º Ano C Tarde','Tarde','Tea'),
('Stephani Vitoria Gomes','120994152','Antonio Palocci, EMEF','4º Ano C Tarde','Tarde','Tea'),
('Gean Fellipo Belasco Gabriel','113145051','Antonio Palocci, EMEF','8º Ano C Tarde','Tarde','Sem Def. Sed'),
('Gustavo Guarnieri Fonseca','120408888','Antonio Palocci, EMEF','3º Ano B Manhã','Manhã','Tea'),
('Lucas Colli Prado','121467726','Antonio Palocci, EMEF','3º Ano C Tarde','Tarde','Tea - Nivel 2'),
('Matheus Rodrigo DE Laia Chivite','110652772','Antonio Palocci, EMEF','9º Ano A Manhã','Manhã','Multipla Baixa Visão Fisica Outros'),
('Murilo Henrique Sousa dos Santos','115332995','Antonio Palocci, EMEF','7º Ano A Manhã','Manhã','Tea'),
('Rafael Moriel Fernandes','116288992','Antonio Palocci, EMEF','5º Ano C Tarde','Tarde','DI'),
('Yasmim Santos Loriano Felix','120267190','Antonio Palocci, EMEF','5º Ano C Tarde','Tarde','DI'),
('Maria Clara Isidoro Bernardes','121940540','Antonio Palocci, EMEF','4º Ano B Manhã','Manhã','Paralisia Cerebral'),
('Miguel Aziani','114452988','Antonio Palocci, EMEF','7º Ano B Manhã','Manhã','Tdah/desenvolvimento DA Fala E DA Linguagem'),
('Davi Lucca Alves dos Santos','122149366','Antonio Palocci, EMEF','1º Ano B Manhã','Manhã','Tea - Nivel 3'),
('Miguel Pereira Garcia','123329798','Antonio Palocci, EMEF','1º Ano A Manhã','Manhã','Intelectual Tea - Nivel 3'),
('Heitor Felipe Pimentel','121506802','Antonio Palocci, EMEF','4º Ano D Tarde','Tarde','Tea'),
('Isadora Araújo Silva','124711539','Antonio Palocci, EMEF','1º Ano C Tarde','Tarde','Tea / Intelectual'),
('Bernardo Dias Silva','123047292','Aurea Apparecida Braghetto Machado Profa, EMEI','2ª Etapa Pré-Escola D Integral','Integral','Tea'),
('Pedro Miranda DA Silva','124616820','Aurea Apparecida Braghetto Machado Profa, EMEI','Etapa I C Integral','Integral','Intelectual Tea - Nivel 3'),
('Luiz Eduardo Domingos DE Souza Manso','123537675','Aurea Apparecida Braghetto Machado Profa, EMEI','2ª Etapa Pré-Escola B Integral','Integral','Tea - Nivel 3'),
('Benicio Rossi','125693310','Caetana Spinelli Martins, EMEI','1ª Etapa Pré-Escola C Tarde','Tarde','Tea - Nivel 2'),
('Miguel Piovan Cattani DA Silva','123113468','Caetana Spinelli Martins, EMEI','2ª Etapa Pré-Escola C Tarde','Tarde','Tea - Nivel 3'),
('Enrique DE Carvalho Santiago','121926684','Bento Benedini Colegio','1º Ano A Manhã','Manhã','Tea'),
('Gael Bernardo Correa Gonçalves','124591716','Caetana Spinelli Martins, EMEI','2ª Etapa Pré-Escola C Tarde','Tarde','Tea - Nivel 2'),
('Pedro Antonio DE Souza Silva','124461464','Carmen Aparecida DE Carvalho Ramos, EMEI','1ª Etapa Pré-Escola A Manhã Anua','Manhã','DI / Tea - Nivel 3'),
('Pablo Magiero DE Oliveira','123112910','Carmen Massaroto, EMEI','2ª Etapa Pré-Escola B Tarde','Tarde','Tea - Nivel 2'),
('Murilo Martins Mascitti','122874127','Capella Kids Sistema DE Ensino Eireli- ME','3º Ano A Manhã','Manhã','DI / Tea'),
('Miguel Careno Dias Franco','125146758','Carmen Massaroto, EMEI','2ª Etapa Pré-Escola C Tarde','Tarde','Tea - Nivel 1'),
('Ryan Vinicius DE Oliveira Cardoso','125761201','Cecilio Fraguas Creche Municipal, CEI','Maternal 2 B Integral','Integral','Tea - Nivel 1'),
('Bernardo Oliveira Querino','125944327','Cecilio Fraguas Creche Municipal, CEI','Maternal 2 C Integral','Integral','Tea - Nivel 1'),
('Samuel Luiz Tavares DE Lima','123576909','Carochinha Creche - Coseas Usp','1ª Etapa Pré-Escola P1 Integral','Integral','Tea'),
('Davi Lobo','115985677','Dercy Celia Seixas Ferrari Profa, EMEF','4º Ano A Manhã','Manhã','Tea - Nivel 1'),
('Yuri Hikari Sakashita','120012539','Dercy Celia Seixas Ferrari Profa, EMEF','4º Ano A Manhã','Manhã','Tea - Nivel 1'),
('Lucca Ribeiro Albieri DO Nascimento','123938327','Cervantes Colegio','2º Ano E Manhã','Manhã','Tea'),
('Saymon Átilla Moreira Santos','122830854','Colégio Eleve DE Ribeirão Preto Unidade Kennedy','1º Ano A Integral','Integral','Tea'),
('Vicente Moraes Pine','123446381','Colégio Novo – Unidade Alto DA Boa Vista','1º Ano A Manhã','Manhã','Tea'),
('Davi Ribeiro Silva','116456594','Colégio Viktor Frankl (unidade 2 - Boulevard)','5º Ano B Tarde','Tarde','Tea'),
('Jose Antonio Pinto Neto','122144052','Cordelia Ribeiro Ragozo Professora','1º Ano A Manhã','Manhã','Tea'),
('Valentina dos Santos Lima','122376428','Cordelia Ribeiro Ragozo Professora','1º Ano C Tarde','Tarde','Tea'),
('Gabriel Sousa dos Santos','113297241','Dercy Celia Seixas Ferrari Profa, EMEF','8º Ano C Manhã','Manhã','Tdah'),
('Henrique dos Santos Almeida','120023891','Dercy Celia Seixas Ferrari Profa, EMEF','4º Ano A Manhã','Manhã','Tea - Nivel 1'),
('João Vitor Barbosa Neves Gontijo DA Silva','115156664','Dercy Celia Seixas Ferrari Profa, EMEF','6º Ano C Tarde','Tarde','DI / Tdah'),
('Matheus Apolinario Mantovani','112107060','Dercy Celia Seixas Ferrari Profa, EMEF','9º Ano A Manhã','Manhã','Multipla Fisica Paralisia Cerebral / DI'),
('Mauricio Bargas Filho','112093376','Dercy Celia Seixas Ferrari Profa, EMEF','9º Ano A Manhã','Manhã','Multipla Baixa Visão Fisica Paralisia Cerebral'),
('Sarah Lia Ferreira Miranda','123849623','Dercy Celia Seixas Ferrari Profa, EMEF','9º Ano B Manhã','Manhã','Cegueira E Visão Subnormal'),
('Jonathan DE Moura Alves','122814153','Dercy Celia Seixas Ferrari Profa, EMEF','1ºano A Manhã','Manhã','Tea - Nivel 1'),
('Alvaro Pinto Zacarelli','113129573','Domingos Adilson Canesin, EMEF','9º Ano F Manhã','Manhã','Sindrome DE Down'),
('Rebeka DE Oliveira Francisco','110514139','Dercy Celia Seixas Ferrari Profa, EMEF','9º Ano A Manhã','Manhã','Não Esta NO Municipio'),
('Gabriel Luiz Bispo Euzébio Abadia','113062854','Domingos Adilson Canesin, EMEF','9º Ano C Manhã','Manhã','Fisica Paralisia Cerebral'),
('João Claudio Souza Araujo','116128039','Domingos Adilson Canesin, EMEF','8º Ano E Tarde','Tarde','Sem Def. Sed'),
('Nicolas Miguel Malheiro Oliveira','112196388','Domingos Adilson Canesin, EMEF','9º Ano E Manhã','Manhã','Multipla Fisica DI'),
('Davi Rafael Kolaman Carlos','114339981','Domingos Adilson Canesin, EMEF','9º Ano F Manhã','Manhã','DI'),
('Mikhael DE Queiroz Castro','120751620','Domingos Adilson Canesin, EMEF','6º Ano B Tarde','Tarde','Tea - Nivel 3'),
('Gael Moraes Pereira DA Silva','122410095','Domingos Angerami Prof DR, EMEF','2º Ano A Tarde','Tarde','Intelectual / Tea - Nivel 1'),
('Miguel Dias Cicero','111393000','Domingos Adilson Canesin, EMEF','9º Ano C Manhã','Manhã','Não Esta NO Municipio'),
('Cristopher Oliveira DE Lima','116172644','Domingos Angerami Prof DR, EMEF','5º Ano C Tarde','Tarde','Tea - Nivel 2'),
('Sara Vitória Alves dos Santos','110530670','Domingos Angerami Prof DR, EMEF','9º Ano E Manhã','Manhã','Multipla Fisica Paralisia Cerebral DI'),
('Theo Vinicius DE Oliveira Ramiro','123550208','Domingos Angerami Prof DR, EMEF','1º Ano A Tarde','Tarde','DI / Tea'),
('Davi dos Santos Corsi','116357444','Eduardo Romualdo DE Souza Prof, EMEF','7º Ano A Manhã','Manhã','DI / Tea - Nivel 1'),
('Daniel Ricardo Guimaraes','122054457','Eduardo Romualdo DE Souza Prof, EMEF','2º Ano D Tarde','Tarde','Sindrome DE Down'),
('Noah DE Oliveira Cardoso','120151435','Domingos Joao Baptista Spinelli Professor Doutor','6º Ano A Integral 7H T1','Integral','Tea'),
('Brayan Rocha Santos','123530221','Edgardo Cajado Doutor','1º Ano B Tarde','Tarde','Tea'),
('Davi Miguel Alves','120565506','Eduardo Romualdo DE Souza Prof, EMEF','4º Ano C Tarde','Tarde','DI / Tea'),
('Henrique Marcal Camillo','120852028','Eduardo Romualdo DE Souza Prof, EMEF','3º Ano C Manhã','Manhã','Tea'),
('João Otavio Maia DE Souza','120897258','Eduardo Romualdo DE Souza Prof, EMEF','2º Ano E Tarde','Tarde','Tea'),
('Livia Maria Ribeiro Santiago','120879947','Eduardo Romualdo DE Souza Prof, EMEF','7º Ano D Tarde','Tarde','DI / Tea'),
('Luiz Ricardo Gomes Machado','111178455','Eduardo Romualdo DE Souza Prof, EMEF','9º Ano A Manhã','Manhã','DI'),
('Pedro Marculo Marins','116571625','Eduardo Romualdo DE Souza Prof, EMEF','6º Ano A Manhã','Manhã','DI'),
('Pietro Ignacio Lima','121422023','Eduardo Romualdo DE Souza Prof, EMEF','2º Ano B Manhã','Manhã','Tea'),
('Rayra Rossi','113893085','Eduardo Romualdo DE Souza Prof, EMEF','7º Ano A Manhã','Manhã','Tea'),
('Samuel Rodrigo DE Oliveira Russo','123362460','Eduardo Romualdo DE Souza Prof, EMEF','3º Ano C Manhã','Manhã','DI / Tea'),
('Tiago Marculo Marins','116571682','Eduardo Romualdo DE Souza Prof, EMEF','6º Ano B Manhã','Manhã','DI / Tea'),
('Gustavo DE Araujo Martins','122874336','Eduardo Romualdo DE Souza Prof, EMEF','2º Ano D Tarde','Tarde','Di/tea'),
('Isaac Costa','123478317','Eduardo Romualdo DE Souza Prof, EMEF','2º Ano B Manhã','Manhã','Tea'),
('Isaac Machado Gomes Bezerra','122031627','Eduardo Romualdo DE Souza Prof, EMEF','2º Ano A Manhã','Manhã','Tea Intelectual'),
('Lorenzo Garbellini Duzzi','121375973','Eduardo Romualdo DE Souza Prof, EMEF','3º Ano A Manhã','Manhã','Tea'),
('Luan Freitas Bianchini','122400367','Eduardo Romualdo DE Souza Prof, EMEF','3º Ano E Tarde','Tarde','Fisica Outros Tea'),
('Marcos Fernando Silva E Silva','122466279','Eduardo Romualdo DE Souza Prof, EMEF','4º Ano B Manhã','Manhã','Fisica Outros'),
('Miguel Gumiero Gomes','121126974','Eduardo Romualdo DE Souza Prof, EMEF','3º Ano A Manhã','Manhã','Tea Intelectual'),
('Oliver Dopiate Dechiche','123683087','Eduardo Romualdo DE Souza Prof, EMEF','2º Ano E Tarde','Tarde','DI / Tea'),
('Rafael Augusto Guimarães','120743428','Eduardo Romualdo DE Souza Prof, EMEF','4º Ano D Tarde','Tarde','Intelectual'),
('Heitor Marques Gomides','122040825','Eduardo Romualdo DE Souza Prof, EMEF','1º Ano C Tarde','Tarde','Tea'),
('Thayla DE Andrade Rodrigues','122537320','Eduardo Romualdo DE Souza Prof, EMEF','3º Ano B Manhã','Manhã','Sindrome DE Down'),
('Nicholas Santos Cardoso DE SA','115029726','Eduardo Romualdo DE Souza Prof, EMEF','9º Ano C Tarde','Tarde','Não Esta NO Municipio'),
('Murilo Bergamasco dos Santos','122144613','Eduardo Romualdo DE Souza Prof, EMEF','2º Ano B Manhã','Manhã','Tea'),
('Alice Helena Aquino DE Oliveira','123707256','Eduardo Romualdo DE Souza Prof, EMEF','1º Ano D Tarde','Tarde','Tea'),
('Yasmin Gigante DA Silva','113258157','Egydio Pedreschi Centro DE Educacao Especial','9º Ano B Manhã','Manhã','DI / Tea'),
('Cleilton Xavier Jardim','111130134','Egydio Pedreschi Centro DE Educacao Especial','Multisseriada B Tarde','Tarde','Multipla/ Fisica Paralisia Cerebral/ DI'),
('Armstrong Davi Silva Passos','125037583','Elisa Duboc Garcia Profa, EMEF','7º Ano A Manhã','Manhã','Tea'),
('Felipe Vieira Freire','116202307','Elisa Duboc Garcia Profa, EMEF','5º Ano B Tarde','Tarde','Fisica Outros'),
('Lucca Nascimento DE Souza','122509597','Elisa Duboc Garcia Profa, EMEF','3º Ano C Tarde','Tarde','Tea'),
('Rafael Moraes Valendolf','120887508','Elisa Duboc Garcia Profa, EMEF','3º Ano A Manhã','Manhã','Tea'),
('Murilo Borges','120033206','Elisa Duboc Garcia Profa, EMEF','5º Ano A Manhã','Manhã','Sem Def NO Sed'),
('Lorenzo Goncalves Lima','121943626','Elisa Duboc Garcia Profa, EMEF','5º Ano A Manhã','Manhã','DI'),
('Heitor Samuel DA Silva Marigheti','114315492','Elisa Duboc Garcia Profa, EMEF','5º Ano C Tarde','Tarde','Tea'),
('Maria Eduarda Guerino','114310812','Elisa Duboc Garcia Profa, EMEF','8º Ano C Tarde','Tarde','DI'),
('Alan Tahiel Llamozas Albarracin','124051180','Elisa Duboc Garcia Profa, EMEF','1º Ano A Manhã','Manhã','Tea'),
('Lívia Emanuelly DE Souza Santos','122472946','Elisa Duboc Garcia Profa, EMEF','1º Ano B Tarde','Tarde','Tea'),
('Luís Guilherme Mastello dos Reis','122703748','Elisa Duboc Garcia Profa, EMEF','1º Ano B Tarde','Tarde','Tea'),
('Fernando Henrique DE Oliveira Teodoro','122465760','Elza Guazzeli DA Costa Profa, EMEI','2ª Etapa Pré-Escola B Tarde','Tarde','Tea'),
('Guilherme Souza Gouvea','122475254','Elza Guazzeli DA Costa Profa, EMEI','2ª Etapa Pré-Escola A Manhã','Manhã','DI / Tea'),
('Emanuel DE Oliveira Bicalho','125148972','Elza Guazzeli DA Costa Profa, EMEI','Maternal 2 B Integral','Integral','Tea Intelectual'),
('Marina Vercesi Trevilato','122104209','Elza Leite DA Costa Profa, EMEF','4º Ano D Tarde','Tarde','Tea'),
('Cauã Henrique Machado Ferreira','122439774','Emilio Jarbinet Padre, EMEI','2ª Etapa Pré-Escola B Manhã','Manhã','Tea'),
('Isaac Rafael Marcal DA Silva','125484158','Emilio Jarbinet Padre, EMEI','2ª Etapa Pré-Escola A Manhã','Manhã','Tea'),
('Chrystoffer Barbosa','125663400','Emilio Jarbinet Padre, EMEI','Etapa II D Tarde','Tarde','Tea'),
('Manuellaandrade Bento','125921652','Eneida Pereira dos Santos DE Aguiar Doutora Professora, EMEF','1º Ano A Manhã','Manhã','Amiotrofia Muscular Espinhal'),
('Breno Ribeiro Belo','122062966','Eneida Pereira dos Santos DE Aguiar Doutora Professora, EMEF','2º Ano B Manhã','Manhã','DI / Tea'),
('Enzo Daniel Massonetto DE Sousa','121585352','Eneida Pereira dos Santos DE Aguiar Doutora Professora, EMEF','3º Ano I Tarde','Tarde','Tea'),
('Pedro Henrique Adao Lopes','115253204','Eneida Pereira dos Santos DE Aguiar Doutora Professora, EMEF','5º Ano D Tarde','Tarde','Tea Intelectual'),
('Pedro Henrique DA Silva David','120876025','Eneida Pereira dos Santos DE Aguiar Doutora Professora, EMEF','3º Ano I Tarde','Tarde','Tea'),
('Victor DE Oliveira Viana','122298721','Eneida Pereira dos Santos DE Aguiar Doutora Professora, EMEF','3º Ano I Tarde','Tarde','Tea'),
('Eliel Oliveira Cabovito DE Jesus','124541905','Eneida Pereira dos Santos DE Aguiar Doutora Professora, EMEF','1º Ano B Manhã','Manhã','Tea'),
('Nicolas Nascimento DE SÁ','120466712','Eponina DE Britto Rossetto Profa, EMEF','8º Ano A Manhã','Manhã','Tea'),
('Lorena Gabriela DA Silva','114294274','Eponina DE Britto Rossetto Profa, EMEF','7º Ano A Manhã','Manhã','Tea'),
('Matheus Henrique Brito Fernandes','122886327','Eponina DE Britto Rossetto Profa, EMEF','2º Ano A Tarde','Tarde','DI / Tea'),
('Wellington Souza Alves','124253774','Eponina DE Britto Rossetto Profa, EMEF','2º Ano A Tarde','Tarde','Tea'),
('Aylla Victoria DA Cruz Pedroso Campanine Osorio','122703474','Eponina DE Britto Rossetto Profa, EMEF','1º Ano A Tarde','Tarde','DI / Tea'),
('Derek Miguel DE Jesus Batista','122373289','Faustino Jarruche DR, EMEF','2º Ano D Tarde','Tarde','Tea'),
('Beatriz Lopes Alves','123306672','Escola Pró Cultural Amarelinha','1º Ano B Tarde','Tarde','Tea'),
('Benicio DE Souza Paulino','123702657','Faustino Jarruche DR, EMEF','2º Ano C Manhã','Manhã','Tea'),
('Israel Henrique Mogno DO Nascimento','122373407','Faustino Jarruche DR, EMEF','2º Ano B Manhã','Manhã','Fisica'),
('Valentina Ferreira DO Nascimento','123272985','Faustino Jarruche DR, EMEF','3º Ano B Manhã','Manhã','DI / Tea'),
('Isaac Emanuel Nery dos Santos','121293438','Faustino Jarruche DR, EMEF','4º Ano F Tarde','Tarde','Tea'),
('Isaque dos Santos Pereira','116011439','Faustino Jarruche DR, EMEF','5º Ano D Tarde','Tarde','DI / Tea'),
('Heitor Matos DA Silva','123323512','Faustino Jarruche DR, EMEF','1º Ano A Manhã','Manhã','Sem Def NO Sed'),
('Davi Jesus Pereira','123458627','Faustino Jarruche DR, EMEF','1º Ano F Tarde','Tarde','Tea'),
('Eloah Arvilino Soares','123496398','Faustino Jarruche DR, EMEF','1º Ano D Tarde','Tarde','Tea'),
('Pedro Henrique Moreira Oliveira','123499075','Faustino Jarruche DR, EMEF','1º Ano C Manhã','Manhã','Multipla Fisica Cadeirante DI'),
('Renan dos Anjos Junior','116580103','Faustino Jarruche DR, EMEF','4º Ano C Manhã','Manhã','Sem Def NO Sed'),
('Ryan Isaac Tobias dos Santos','122033267','Faustino Jarruche DR, EMEF','2º Ano D Tarde','Tarde','Sem Def NO Sed'),
('Isaque Brito Silva','116044494','Geralda DE Souza Espin, EMEF','6º Ano A Manhã','Manhã','Intelectual'),
('Miguel Lemos Groppo','122798441','Futuro Colegio','3º Ano B Manhã','Manhã','Tea'),
('Luidy Fabiano Barros Ramos','113173344','Geralda DE Souza Espin, EMEF','9º Ano A Manhã','Manhã','DI'),
('Rafael José dos Santos Nunes','115608987','Geralda DE Souza Espin, EMEF','8º Ano B Manhã','Manhã','Tea'),
('Enzo Gabriel Vianna DA Silva','123714318','Henilla Godoy Velludo Salvador, EMEI','2ª Etapa Pré-Escola A Manhã','Manhã','DI / Tea'),
('Joao Henrique Poloni DA Silva','124476702','Getulio Vargas Doutor','1º Ano D Tarde','Tarde','Tea'),
('Henry Ezequiel Lima Nascimento','122884822','Getulio Vargas Doutor','1º Ano A Manhã','Manhã','Tea'),
('Luiz Felipe Teodoro','123340730','Getulio Vargas Doutor','1º Ano C Tarde','Tarde','Tea'),
('Maria Eduarda Kumagai Simoes','112856607','Graphein Colegio','7º Ano A Manhã','Manhã','Tea'),
('Anthony Ferreira Silva','125995534','Hilda Maria Sobral Barbosa Mandarino, EMEI','2ª Etapa Pré-Escola C Tarde','Tarde','Tea'),
('Samuel Felix Lourenco','125138843','Herminia Gugliano Professora','1º Ano A Tarde','Tarde','Tea'),
('Isis Rodrigues Lima','124985006','Hilda Maria Sobral Barbosa Mandarino, EMEI','1ª Etapa Pré-Escola C Manhã','Manhã','Tea'),
('Vitor Mota Caçador','124505585','Hilda Mosca Escola Municipal DE Educacao Infantil, EMEI','2ª Etapa Pré-Escola C Integral','Integral','Tea'),
('Benicio Canuto dos Reis','124510987','Hilda Mosca Escola Municipal DE Educacao Infantil, EMEI','1ª Etapa Pré-Escola C Integral','Integral','Tea'),
('Ryan Fagnner Lopes Ferreira','113383355','Honorato DE Lucca Prof, EMEF','7º Ano C Tarde','Tarde','Fisica Paralisia Cerebral'),
('Caleb Santana Gomes DA Silva','122088579','Honorato DE Lucca Prof, EMEF','4º Ano A Manhã','Manhã','DI / Tea'),
('Enzo Pietro Rodrigues','122145779','Honorato DE Lucca Prof, EMEF','1º Ano A Manhã','Manhã','Multipla Fisica DI'),
('Ezequiel Guerreiro','115161559','Honorato DE Lucca Prof, EMEF','7º Ano A Manhã','Manhã','DI / Tea'),
('Kassio Gabriel Barbosa DA Silva','120768080','Honorato DE Lucca Prof, EMEF','4º Ano B Manhã','Manhã','DI'),
('Jasiel Rodrigues Fagundes','115154055','Honorato DE Lucca Prof, EMEF','4º Ano A Manhã','Manhã','DI'),
('Bernardo Dominique Idalgo Phelippe','123760174','Honorato DE Lucca Prof, EMEF','2º Ano A Manhã','Manhã','Tea'),
('Antonio César DE Souza Neto','124331154','Iria Junqueira Dona, EMEI','Maternal 2 F Tarde','Tarde','DI / Tea'),
('Maria Fernanda Barros Costa','125674859','Iria Junqueira Dona, EMEI','1ª Etapa Pré-Escola E Tarde','Tarde','DI / Tea'),
('Maria Valentina Rocha DE Souza','123536359','Iria Junqueira Dona, EMEI','1ª Etapa Pré-Escola A Manhã','Manhã',''),
('Helena Aparecida Ponce Souza','125034156','Iria Junqueira Dona, EMEI','1ª Etapa Pré-Escola C Manhã','Manhã','Sindrome DE Down'),
('Louise Egidia Errera','125675987','Iria Junqueira Dona, EMEI','Maternal 2 B Integral','Integral','DI / Tea'),
('Benício Carlos Pires','124061952','Iria Junqueira Dona, EMEI','Etapa I A Manhã','Manhã','Tea'),
('Mariana Alves DE Souza','125514986','Iria Junqueira Dona, EMEI','2ª Etapa Pré-Escola D Tarde','Tarde','Sem Def NO Sed'),
('Kauan Emanuel Andrade DA Silva','122052817','Jaime Monteiro DE Barros Prof, EMEF','4º Ano B Manhã','Manhã','Tea Intelectual'),
('Iggor Henrique Vieira Lyrio','122438589','Jaime Monteiro DE Barros Prof, EMEF','3º Ano B Manhã','Manhã','Tea Intelectual'),
('Samuel Pietro Martins Pinheiro','123670477','Jaime Monteiro DE Barros Prof, EMEF','4º Ano C Manhã','Manhã','Sindrome DE Down / Tea'),
('Braian Leite Peixe','114179835','Jaime Monteiro DE Barros Prof, EMEF','9º Ano A Manhã','Manhã','Fisica Paralisia Cerebral'),
('Enzo Lucas Catona Pedrazzi','116025593','Jaime Monteiro DE Barros Prof, EMEF','5º Ano D Tarde','Tarde','Tea / Sindrome DE Down'),
('Cristhyan Lohan Brito Alves','123967798','Jaime Monteiro DE Barros Prof, EMEF','2º Ano B Manhã','Manhã','Sem Def. Sed'),
('Deryck Lucca DA Silva Lima','123661016','Jaime Monteiro DE Barros Prof, EMEF','2º Ano A Manhã','Manhã','Tea'),
('Joao Pedro Teles DE Souza','120106133','Jaime Monteiro DE Barros Prof, EMEF','6º Ano B Manhã','Manhã','Tea'),
('Valentina Aparecida DE Jesus DA Silva','125019524','Jaime Monteiro DE Barros Prof, EMEF','1º Ano A Manhã','Manhã','Tea'),
('Rafael Antonio Euzebio Silva','124412042','Jarbas Massullo Prof, EMEF','1º Ano B Tarde','Tarde','Tea Nível 2'),
('Gabriel Gregoris Ramiro','120840425','Jarbas Massullo Prof, EMEF','2º Ano B Tarde','Tarde','Fisica Paralisia Cerebral'),
('Davi DE Souza Bomfim','123370312','Jarbas Massullo Prof, EMEF','3º Ano B Tarde','Tarde','Tea'),
('Ricardo DE Souza Carvalho','113381996','Jarbas Massullo Prof, EMEF','9º Ano A Manhã','Manhã','Tea'),
('Matheus Ribeiro Buzzo Orlandi','121909339','Jarbas Massullo Prof, EMEF','2º Ano B Tarde','Tarde','Intelectual'),
('Isaac Faria dos Santos','124463135','Jarbas Massullo Prof, EMEF','1º Ano A Tarde','Tarde','DI / Tea'),
('Douglas Alexandre Borges DE Oliveira','113379924','Jarbas Massullo Prof, EMEF','9º Ano B Manhã','Manhã','Tdah'),
('Davi Gabriel Agostinho Vieira','113371516','Jardim Wilma Flor','8º Ano B Manhã','Manhã','DI'),
('Miguel Lemes Vaz','122475269','Jesus Guilherme Giacomini','1º Ano B Manhã','Manhã','Sem Def NO Sed'),
('Benjamim Ramos Marques','120156457','Joao Gilberto Sampaio DR, EMEF','7º Ano C Manhã','Manhã','Tea'),
('Gabriel Henrique Duarte','122060538','Joao Gilberto Sampaio DR, EMEF','5º Ano A Manhã','Manhã','Fisica'),
('Gregori Alexandre Azevedo','123730022','Joao Gilberto Sampaio DR, EMEF','3º Ano A Manhã Anua','Manhã','DI / Tea'),
('Clara Victória Alves Carneiro','122506077','Joao Gilberto Sampaio DR, EMEF','4º Ano A Manhã','Manhã','Fisica/tdah'),
('Henrique Menezes Oliveira','122153112','Joao Gilberto Sampaio DR, EMEF','2º Ano C Tarde','Tarde','Tea'),
('Luiz Miguel DE Freitas','115514077','Joao Gilberto Sampaio DR, EMEF','8º Ano B Manhã','Manhã','DI'),
('Isis Ribeiro Rodrigues','122523778','Joao Gilberto Sampaio DR, EMEF','1º Ano B Tarde','Tarde','Sindrome DE Down'),
('Nycollas Yago Morais Fernandes','124055256','Joao Gilberto Sampaio DR, EMEF','1º Ano A Tarde','Tarde','Fisica Paralisia Cerebral'),
('Thiago Esteves Leite','120181324','Joao Gilberto Sampaio DR, EMEF','6º Ano A Tarde','Tarde','Transtorno Desintegrativo DA Infancia'),
('Cristian DA Silva Bitencourt','122913641','Joao Rodrigues Guiao Doutor','1º Ano A Manhã','Manhã','Tea'),
('Gabriel Alex Cardoso DE Souza','122415226','Joao Rodrigues Guiao Doutor','1º Ano A Manhã','Manhã','Tea'),
('Logan Martins Faria Costa Vital','123316593','Joao Rodrigues Guiao Doutor','1º Ano B Manhã','Manhã','Tea'),
('Nicolas Moura Maia','124508757','Joao Rodrigues Guiao Doutor','1º Ano D Tarde','Tarde','Tea'),
('Lucca Moreno Peres Oliveira','124463430','Joao Rodrigues Guiao Doutor','1º Ano B Manhã','Manhã','Tea'),
('Melissa Candido Melo','124066434','Joao Sperandio Deputado, EMEI','2ª Etapa Pré-Escola A Manhã','Manhã','DI / Tea'),
('Henrique DO Nascimento Freitas','123698396','Jorge Rodini Luiz Professor','1º Ano B Manhã','Manhã','DI / Tea'),
('Lorenzo Ferreira Siviero','123333217','Jorge Rodini Luiz Professor','1º Ano C Manhã','Manhã','DI / Tea'),
('Jose Eduardo Reis Bernardes','123323288','Jorge Rodini Luiz Professor','1º Ano E Tarde','Tarde','Tea'),
('Arthur Henrique Borges DE Souza','123327588','Jose Bonifacio Coutinho Nogueira, EMEI','2ª Etapa Pré-Escola A Manhã','Manhã','Tea'),
('Henry Oliveira Taschetti','125763072','Jose Bonifacio Coutinho Nogueira, EMEI','2ª Etapa Pré-Escola C Tarde','Tarde','DI / Tea'),
('Ana Assunção Barbosa','123536342','Jose Bonifacio Coutinho Nogueira, EMEI','1ª Etapa Pré-Escola A Manhã','Manhã','Surdez Severa Profunda'),
('Arthur Miguel Alves DA Luz','123797723','Jose Carlos Sobral DR, EMEI','Ciclo IV F Integral','Integral','Tea'),
('Heitor Onda Baptista DO Nascimento','123799769','Jose Carlos Sobral DR, EMEI','2ª Etapa Pré-Escola C Integral','Integral','DI / Tea'),
('Anthony Alexandre Nunes','124881888','Jose Carlos Sobral DR, EMEI','2ª Etapa Pré-Escola E Integral','Integral','Tea Intelectual'),
('Hector Gael Bocardo Barbosa','125219197','Jose Carlos Sobral DR, EMEI','1ª Etapa Pré-Escola D Integral','Integral','Tea Intelectual'),
('Ian Diogo DE Moraes Macedo','125526448','Jose Delibo Vereador, EMEF','1º Ano B Tarde','Tarde','Tea'),
('Moises Renie Gregorio Rodrigues','124142074','Jose Delibo Vereador, EMEF','1º Ano C Tarde','Tarde','Tea'),
('Davi Alejandro Henao DE Lima','125189778','Jose Delibo Vereador, EMEF','1º Ano C Tarde','Tarde','Tea'),
('Paulo Rezende Cardoso','123611078','Jose Delibo Vereador, EMEF','1º Ano B Tarde','Tarde','Tea'),
('Ítalo Gabriel Guimarães Ferreira','114316309','Jose Delibo Vereador, EMEF','9º Ano C Tarde','Tarde','Não Esta NO Municipio'),
('Christina Maria Facion DE Melo','116010740','Jose Delibo Vereador, EMEF','5º Ano A Manhã','Manhã','Sindrome DE Down'),
('Henrique Nobre Rosa','112973065','Jose Delibo Vereador, EMEF','9º Ano B Manhã','Manhã','Di/ Tea'),
('Icaro Azevedo Fantini','123684536','Jose Delibo Vereador, EMEF','2º Ano A Manhã','Manhã','DI / Tea'),
('Miguel Vanzeli Ribeiro','113178433','Jose Delibo Vereador, EMEF','6º Ano A Manhã','Manhã','Tea'),
('Raul Jorge Miotto','116548216','Jose Delibo Vereador, EMEF','7º Ano A Manhã','Manhã','Sindrome DE Down / Tea'),
('Renato Amaral DE Assis Junior','120534390','Jose Delibo Vereador, EMEF','4º Ano A Manhã','Manhã','Tea'),
('Weslley Murilo Alves Amancio','115187012','Jose Delibo Vereador, EMEF','8º Ano B Tarde','Tarde','DI'),
('Miguel Ferreira DE Souza','122458940','Jose Lima Pedreira DE Freitas Professora','1º Ano B Integral 9H','Integral','DI / Tea'),
('Allan Rodrigues DA Silva','124951522','Jose Pedro Moreira Prof, EMEI','2ª Etapa Pré-Escola L Tarde','Tarde','Tea Intelectual'),
('Davi Lucca DE Andrade Silva Saraiva','124492802','Jose Pedro Moreira Prof, EMEI','1ª Etapa Pré-Escola E Manhã','Manhã','Multipla Fisica Paralisia Cerebral / DI'),
('Thiago DE Paula Lourenco Miranda','124073993','Jose Pedro Moreira Prof, EMEI','2ª Etapa Pré-Escola F Manhã','Manhã','DI / Tea'),
('Henrique Samuel Rodrigues Cruz','124935698','Jose Pedro Moreira Prof, EMEI','1ª Etapa Pré-Escola H Tarde','Tarde','Tea'),
('Bruno Otavio Matos DE Souza','116000845','Jose Rodini Luiz Prof, EMEF','4º Ano A Manhã','Manhã','Sem Def. Sed'),
('Isaac Silva Paiano','121506380','Jose Rodini Luiz Prof, EMEF','4º Ano B Tarde','Tarde','Tea'),
('Kauan Ferreira Gianezini','122072676','Jose Rodini Luiz Prof, EMEF','2º Ano A Manhã','Manhã','Tea'),
('Lorenzo Ferreira Gianezini','116251580','Jose Rodini Luiz Prof, EMEF','6º Ano A Manhã','Manhã','DI / Tea'),
('Maria Eduarda Santos DA Silva','114029744','Jose Rodini Luiz Prof, EMEF','8º Ano A Manhã','Manhã','Tea'),
('Lucas Henrique dos Santos Silva','112452124','Jose Rodini Luiz Prof, EMEF','9º Ano A Manhã','Manhã','Sindrome DE Down'),
('Luiz Filipe Firmino Gomes DE Souza','122392201','Jose Rodini Luiz Prof, EMEF','4º Ano A Manhã','Manhã',''),
('Luiz Lázaro Rafael Menezes Ribeiro DA Silva','121624646','Jose Rodini Luiz Prof, EMEF','3º Ano B Tarde','Tarde','Tea'),
('Rhuan Pereira Lemes','112397371','Jose Rodini Luiz Prof, EMEF','9º Ano A Manhã','Manhã','Não Esta NO Municipio'),
('Gabriel Lisboa DE Abreu','116678284','Julieta Fernanda Sousa Taranto','6º Ano A Tarde','Tarde','Sindrome DE Down'),
('Francisco Caetano Giavoni Soares','123346643','Julio Cesar Voltarelli DR, EMEF','1º Ano C Tarde','Tarde','DI / Tea'),
('Davi Antônio Moreira DE Sousa Fábio','124355409','Julio Cesar Voltarelli DR, EMEF','2º Ano C Tarde','Tarde','Tea'),
('Cecília Garcia Cubas Pereira','123699627','Julio Cesar Voltarelli DR, EMEF','2º Ano B Manhã','Manhã','Tea'),
('Daniel DE Oliveira Gregorio','122377577','Julio Cesar Voltarelli DR, EMEF','2º Ano C Tarde','Tarde','Tea'),
('Davy Gonçalves Viana','120961261','Julio Cesar Voltarelli DR, EMEF','2º Ano A Manhã','Manhã','Tea'),
('Eliza Dayana DE Andrade Santos','124514830','Julio Cesar Voltarelli DR, EMEF','2º Ano E Tarde','Tarde','Tea'),
('Gustavo Alexandre Barros Tobias','116049875','Julio Cesar Voltarelli DR, EMEF','5º Ano B Manhã','Manhã','Tea'),
('Helena dos Santos Francisco','121578330','Julio Cesar Voltarelli DR, EMEF','3º Ano B Manhã','Manhã','Tea'),
('Isabella Tofanim','121522728','Julio Cesar Voltarelli DR, EMEF','4º Ano D Tarde','Tarde','Tea'),
('João Vitor Miranda Bica DE Lira','116028329','Julio Cesar Voltarelli DR, EMEF','4º Ano B Manhã','Manhã','Sindrome DE Down'),
('Lorena Caetano DA Cunha','123657144','Julio Cesar Voltarelli DR, EMEF','2º Ano A Manhã','Manhã','Tea'),
('Miguel DE Oliveira Laureano','123332412','Julio Cesar Voltarelli DR, EMEF','2º Ano B Manhã','Manhã','Tea'),
('Davi Eduardo Martins Lourenço','123304226','Julio Cesar Voltarelli DR, EMEF','2º Ano E Tarde','Tarde','Tea'),
('José Gabriel DE Lima Silva','120969089','Julio Cesar Voltarelli DR, EMEF','3º Ano B Manhã','Manhã','Tea'),
('Lucas Emanuel DE Lima Silva','120969068','Julio Cesar Voltarelli DR, EMEF','3º Ano A Manhã','Manhã','Tea'),
('Joao Eduardo Jovenato Mendes','125519276','Kinderspiel Colegio','2º Ano A Tarde','Tarde','Tea'),
('Benjamin Rocha DE Oliveira Martins','124903578','Lilian Spadaro Rosa E Silva Profa, EMEI','Maternal 2 C Integral','Integral','Tea'),
('Luan Amaro Dal Bem','125908855','Lilian Spadaro Rosa E Silva Profa, EMEI','Etapa I B Manhã','Manhã','Tea'),
('Arthur Felipe dos Santos Rodrigues','124472709','Lilian Spadaro Rosa E Silva Profa, EMEI','2ª Etapa Pré-Escola B Manhã','Manhã','Multipla Fisica Intelectual Tdah'),
('Ana Isa Souza Fernandes','120014185','Luis Amaral Mousinho Dom, EMEF','4º Ano A Manhã','Manhã','DI / Tea'),
('Emerson Sousa Ribeiro','114295039','Luis Amaral Mousinho Dom, EMEF','9º Ano A Manhã','Manhã','Não Esta NO Municipio'),
('Arthur Coutinho Zanatto','111155023','Luis Amaral Mousinho Dom, EMEF','9º Ano A Manhã','Manhã','Tea'),
('Arthur Gabriel Carvalho Lima','121958002','Luis Amaral Mousinho Dom, EMEF','4º Ano B Manhã','Manhã','Tea'),
('Arthur Lopes','122021021','Luis Amaral Mousinho Dom, EMEF','2º Ano A Manhã','Manhã','Tea'),
('Catarina dos Santos Barros','120558575','Luis Amaral Mousinho Dom, EMEF','4º Ano B Manhã','Manhã','Tea'),
('Miguel Gottschall DE Medeiros','121179974','Luis Amaral Mousinho Dom, EMEF','3º Ano A Manhã','Manhã','Fisica Cadeirante'),
('Petrus Rodrigues Barrocal','116740485','Luis Amaral Mousinho Dom, EMEF','5º Ano A Manhã','Manhã','Tea'),
('Aylla Marilia Souza Santos','124455178','Maria Apparecida Borges DE Oliveira Bonini, EMEI','Maternal II D Tarde','Tarde','Tea'),
('Gaell Souza Oliveira dos Santos','124461427','Maria Apparecida Borges DE Oliveira Bonini Profa, EMEI','1ª Etapa Pré-Escola D Manhã','Manhã','Tea'),
('Anthony Dominic Victor Nunes Lima','122874906','Maria Helena Braga Monte Serrat Doutora, EMEI','2ª Etapa Pré-Escola B Integral','Integral','Fisica Paralisia Cerebral'),
('Liv Maite Bonfim Lopes','122584185','Maria Helena Braga Monte Serrat Doutora, EMEI','2ª Etapa Pré-Escola C Manhã','Manhã','Sem Def. Sed'),
('Jade Rissi Severino dos Santos','124489216','Maria Ignez Lopes Rossi Profa, EMEF','1º Ano B Tarde','Tarde','DI / Tea'),
('Melissa Dias Palhares','124489271','Maria Ignez Lopes Rossi Profa, EMEF','1º Ano A Tarde','Tarde','DI / Tea'),
('Alexandre Farias Mendonca','113907698','Maria Ignez Lopes Rossi Profa, EMEF','9º Ano B Manhã','Manhã','Tea / Tgd'),
('Gabriela Bastos DE Lima Moretti','123218261','Maria Ignez Lopes Rossi Profa, EMEF','4º Ano B Tarde','Tarde','Sindrome DE Down'),
('Lorenzo Gabriel Assis Amoroso','124633418','Maria Ignez Lopes Rossi Profa, EMEF','4º Ano A Tarde','Tarde','Fisica Paralisia Cerebral'),
('Pedro Carvalho Felix DA Silva','122078004','Maria Ignez Lopes Rossi Profa, EMEF','2º Ano A Tarde','Tarde',''),
('Rogério dos Santos Gaspar Júnior','122032231','Maria Ignez Lopes Rossi Profa, EMEF','2º Ano B Tarde','Tarde','Tea'),
('Vinícius Filho Fucuta Lima Rodrigues','120353508','Maria Ignez Lopes Rossi Profa, EMEF','6º Ano B Manhã','Manhã','DI'),
('Isadora Vitoria Viana DA Silva','122443804','Maria Ines Vieira Machado, EMEF','Etapa II A Integral','Integral','Tea Intelectual'),
('Luiz Lazaro Torrieri Martins','122797622','Maria Ines Vieira Machado, EMEF','1º Ano A Manhã','Manhã','DI / Tea'),
('Bruno Cristiano Barbosa Grace','121888735','Maria Ines Vieira Machado, EMEF','3º Ano A Manhã','Manhã','DI / Tea'),
('Livia Manuelly Alves Souza','121923002','Maria Ines Vieira Machado, EMEF','3º Ano A Manhã','Manhã','Tea'),
('Luiz Eduardo Marcolino Damião','121300131','Maria Ines Vieira Machado, EMEF','4º Ano E Tarde','Tarde','Sindrome DE Asperger'),
('Anthony Gabriel Neves dos Anjos','120991597','Maria Ines Vieira Machado, EMEF','3º Ano C Tarde','Tarde','Tea Intelectual'),
('Miguel Masson Gouveia Pinho','116020962','Maria Ines Vieira Machado, EMEF','4º Ano F Tarde','Tarde','Tea'),
('Vitor Jose DO Nascimento','123331142','Marista IR Rui Leopoldo Depine Centro Educacional','1º Ano A Tarde','Tarde','Tea'),
('Anthony Gabriel dos Santos Gonçalves','123464501','Marista IR Rui Leopoldo Depine Centro Educacional','1º Ano A Tarde','Tarde','Tea'),
('Lorena Souza DE Queiroz','123488230','Marista IR Rui Leopoldo Depine Centro Educacional','1º Ano A Tarde','Tarde','Tea'),
('Davi Souza Ribeiro','124486987','Marlene Jorge dos Reis Profa, EMEI','Maternal 2 B Manhã','Manhã','DI / Tea'),
('Noah Campos Morais Souza','125686200','Marlene Jorge dos Reis Profa, EMEI','1ª Etapa Pré-Escola E Manhã','Manhã','Tea'),
('Luna Vieira Paulini DE Carvalho','125840581','Marlene Jorge dos Reis Profa, EMEI','1ª Etapa Pré-Escola H Tarde','Tarde','DI / Tea'),
('Joao Gabriel Buzzo Oliveira Aguiar','123459767','Marlene Jorge dos Reis Profa, EMEI','2ª Etapa Pré-Escola D Manhã','Manhã','Sem Def. Sed'),
('Miguel Santhiago Clemente DA Silva','123573117','Marlene Jorge dos Reis Profa, EMEI','2ª Etapa Pré-Escola C Manhã','Manhã','Tea'),
('Ágatha Furtado DE Oliveira','123831536','Marlene Jorge dos Reis Profa, EMEI','1ª Etapa Pré-Escola F Tarde','Tarde','Tea'),
('David Francisco DE Oliveira Filho','124048041','Marlene Jorge dos Reis Profa, EMEI','1ª Etapa Pré-Escola E Manhã','Manhã','Tea'),
('Manuela DA Costa Janse','122704450','Metropolitana Escola','1º Ano B Tarde','Tarde','DI / Tea'),
('Dominic Fernandes Ivezic','123536059','Miguel Mussi Prof, EMEI','1ª Etapa Pré-Escola B Manhã','Manhã','Tea'),
('João Francisco Bomfim Braz','123347036','Miguel Mussi Prof, EMEI','2ª Etapa Pré-Escola A Manhã','Manhã','Tea'),
('Livia dos Santos Amadeu Roberto','124905605','Moacir Firmino, EMEI','1ª Etapa Pré-Escola B Manhã','Manhã','Sindrome DE Down'),
('Agatha Alves Ciffoni','123318379','Moacir Firmino, EMEI','2ª Etapa Pré-Escola C Tarde','Tarde',''),
('Henry Miguel Ferreira dos Santos','123921812','Moacir Firmino, EMEI','1ª Etapa Pré-Escola A Manhã','Manhã','Tea'),
('Valentina Porphirio Martins','123708398','Moacir Firmino, EMEI','2ª Etapa Pré-Escola A Manhã','Manhã','Tea'),
('Levi Miguel Mesquita DE Carvalho','123228081','Narciso Nicolodi Irmao, EMEI','2ª Etapa Pré-Escola A Manhã','Manhã','Tea'),
('Luisa DE Souza Mastrogiacomo dos Santos','122473719','Narciso Nicolodi Irmao, EMEI','2ª Etapa Pré-Escola A Manhã','Manhã','Tea'),
('Marcos Miguel Vieira Barbosa','124009936','Neide Aparecida Golfetto DE Castro Profa, EMEI','Etapa I C Manhã','Manhã','Tea'),
('Bernardo Silva Oliveira','123516389','Neide Aparecida Golfetto DE Castro Profa, EMEI','2ª Etapa Pré-Escola E Tarde','Tarde','Sem Def. Sed'),
('Kaleb Santos Fonseca','123334833','Neide Aparecida Golfetto DE Castro Profa, EMEI','2ª Etapa Pré-Escola A Manhã','Manhã','Tea'),
('Isaac Levi Santos DA Hora','123678849','Neide Apparecida Golfetto DE Castro, EMEI','2ª Etapa Pré-Escola B Manhã','Manhã','Sem Def NO Sed'),
('Lavinia dos Santos Faria','108633465','Nelson Machado, EMEF','9º Ano C Tarde','Tarde','Não Esta NO Municipio'),
('Eloa Mercedes Moretti DE Oliveira','114322282','Nelson Machado, EMEF','9º Ano D Manhã','Manhã','DI / Tea'),
('Gusttavo Aguiar Rodrigues','116085440','Nelson Machado, EMEF','4º Ano B Tarde','Tarde','Tea'),
('Henry Vieira Bitencourt Lourenco','122075295','Nelson Machado, EMEF','2º Ano B Tarde','Tarde','DI / Tea'),
('Joao Pedro DO Nascimento Silva','121407173','Nelson Machado, EMEF','3º Ano B Tarde','Tarde','DI / Tea'),
('Joao Pedro dos Santos Cordeiro','122706151','Nelson Machado, EMEF','1º Ano B Tarde','Tarde','DI / Tea'),
('Gabriel Silva Evangelista','122706034','Nelson Machado, EMEF','1º Ano B Tarde','Tarde','Tea'),
('Arthur Vinicius Limeira DE Menezes','124513747','Neuza Michelutti Marzola Profa, EMEF','1º Ano B Tarde','Tarde','Tea'),
('Samuel Lopes Feliciano','124738745','Neuza Michelutti Marzola Profa, EMEF','1º Ano A Manhã','Manhã','Tea'),
('Moises Alves Cabulon DE Lima','122383194','Neuza Michelutti Marzola Profa, EMEF','2º Ano A Manhã','Manhã','Tea'),
('Pietro Eduardo Higino DA Silva','123365173','Neuza Michelutti Marzola Profa, EMEF','1º Ano C Tarde','Tarde','Tea Intelectual'),
('Antony Miguel Silva Vasconcelos','123475790','Neuza Michelutti Marzola Profa, EMEF','2º Ano A Manhã','Manhã','Tea'),
('Isadora Costa Silveira','116570199','Neuza Michelutti Marzola Profa, EMEF','7º Ano B Tarde','Tarde','Sindrome DE Down'),
('Lauren DO Nascimento Ortiz Francalino','115364517','Neuza Michelutti Marzola Profa, EMEF','6º Ano B Manhã','Manhã','Tea'),
('Matheus Henrique Rosa Goncalves','111431912','Neuza Michelutti Marzola Profa, EMEF','8º Ano B Manhã','Manhã','DI / Tea'),
('Filipe dos Santos Rodrigues','121383234','Neuza Michelutti Marzola Profa, EMEF','4º Ano B Manhã','Manhã','Tea'),
('Isabely Assunção dos Santos','116446921','Neuza Michelutti Marzola Profa, EMEF','8º Ano A Manhã','Manhã','Sindrome DE Down'),
('Rafael Gelfuso Raiz','121831805','Neuza Michelutti Marzola Profa, EMEF','2º Ano D Tarde','Tarde','Tea'),
('Pedro Pimenta DE Santana Marques','122569812','Neuza Michelutti Marzola Profa, EMEF','3º Ano A Manhã','Manhã','Tea'),
('Henrique dos Santos Cabrera','121095184','Neuza Michelutti Marzola Profa, EMEF','4º Ano B Manhã','Manhã','Tea'),
('Ruan Gabriel Maia Roque','116002669','Neuza Michelutti Marzola Profa, EMEF','6º Ano C Tarde','Tarde','Tea/tod/tdah'),
('Vinicius Borges Gomes','123545032','Nicolau Dinamarco Spinelli DR, EMEI','2ª Etapa Pré-Escola B Manhã','Manhã','DI / Tea'),
('Daniel DE Oliveira Alves','116099089','Paulo Freire Prof, EMEF','4º Ano A Manhã','Manhã',''),
('Davi Yago DO Nascimento Gonçalves','116376712','Paulo Freire Prof, EMEF','5º Ano A Manhã','Manhã','DI'),
('Gustavo Henrique Salgado','115127193','Paulo Freire Prof, EMEF','6º Ano B Tarde','Tarde','Tea'),
('Leonardo Soares Silva','115514119','Paulo Freire Prof, EMEF','8º Ano A Manhã','Manhã','DI'),
('Isaac Barbosa dos Santos','121301688','Paulo Freire Prof, EMEF','2º Ano C Tarde','Tarde','DI / Tea'),
('Lorena Beatriz Cabas Ruiz','124307832','Paulo Freire Prof, EMEF','2º Ano D Tarde','Tarde','DI'),
('Lucas Henrique DE Souza','113363479','Paulo Freire Prof, EMEF','7º Ano A Manhã','Manhã','Fisica Paralisia Cerebral'),
('Miguel Leonardo Silva Reis','124307848','Paulo Freire Prof, EMEF','2º Ano A Manhã','Manhã','DI / Tea'),
('Miguel Lourenço Barros','120834667','Paulo Freire Prof, EMEF','3º Ano A Manhã','Manhã','Fisica Paralisia Cerebral'),
('Nikolas Henrique Cardoso','116703602','Paulo Freire Prof, EMEF','5º Ano A Manhã','Manhã','Tea'),
('Paulo Malafaia Brunelli Campos','116042907','Paulo Freire Prof, EMEF','7º Ano C Tarde','Tarde','Tea'),
('Marcelo Leonardo Nunes Marigheti','113175161','Paulo Freire Prof, EMEF','7º Ano B Manhã','Manhã','DI / Tea'),
('Leonan Benicio Silva Santos','124512253','Paulo Henrique DE Souza, EMEI','2ª Etapa Pré-Escola B Integral','Integral','Sem Def NO Sed'),
('Theo Ulisses Silveira Soares','121749705','Paulo Monte Serrat Filho Prof DR, EMEF','1º Ano A Manhã','Manhã','Tea'),
('Benjamin Nardelli Moreira Alves','121988232','Paulo Monte Serrat Filho Prof DR, EMEF','1º Ano A Manhã','Manhã','Tea'),
('Liz Riguetto Ribeiro','125694939','Paulo Monte Serrat Filho Prof DR, EMEF','1º Ano C Tarde','Tarde','DI / Tea'),
('Vyctor Hugo Melo DE Araujo','114300133','Paulo Monte Serrat Filho Prof DR, EMEF','6º Ano C Tarde','Tarde','Desenvolvimento Neuropsicomotor'),
('Rian Pereira Andrade','121379671','Paulo Monte Serrat Filho Prof DR, EMEF','5º Ano C Tarde','Tarde','Sem Def NO Sed'),
('Amaya Martins DE Moura','124371529','Paulo Monte Serrat Filho Prof DR, EMEF','2º Ano A Manhã','Manhã','Sem Def. Sed'),
('Antony Invernise','123540049','Paulo Monte Serrat Filho Prof DR, EMEF','3º Ano C Tarde','Tarde',''),
('Bernardo Cabral Ribeiro','122006906','Paulo Monte Serrat Filho Prof DR, EMEF','2º Ano A Manhã','Manhã','Tea'),
('Bryan Keven Marques Bomfim','120054079','Paulo Monte Serrat Filho Prof DR, EMEF','5º Ano A Manhã','Manhã','DI'),
('Davi Lukas Saccuman','116580169','Paulo Monte Serrat Filho Prof DR, EMEF','4º Ano B Manhã','Manhã','DI'),
('Edgar Cornelio Mateus','112670417','Paulo Monte Serrat Filho Prof DR, EMEF','9º Ano B Manhã','Manhã','Tea'),
('Esmael Pedro Leandro Lopes','122095979','Paulo Monte Serrat Filho Prof DR, EMEF','3º Ano C Tarde','Tarde','Tea'),
('Joaquim Fernandes Campos','122036301','Paulo Monte Serrat Filho Prof DR, EMEF','2º Ano A Manhã','Manhã','Tea'),
('Lorenzo Marques DE Faria','122450695','Paulo Monte Serrat Filho Prof DR, EMEF','2º Ano B Manhã','Manhã','Sem Def. Sed'),
('Matheus Lima Vieira','116005391','Paulo Monte Serrat Filho Prof DR, EMEF','6º Ano B Tarde','Tarde','Tea'),
('Murilo Benísio Rocha DE Souza','113845689','Paulo Monte Serrat Filho Prof DR, EMEF','9º Ano A Manhã','Manhã','Tea'),
('Rodrigo DE Sena Dias','121823023','Paulo Monte Serrat Filho Prof DR, EMEF','3º Ano A Manhã','Manhã','Tea'),
('William Nicolas Pereira DE Souza','122063206','Paulo Monte Serrat Filho Prof DR, EMEF','3º Ano C Tarde','Tarde','Tea'),
('Samuel Lucca Ribeiro DA Silva','123112306','Raul Machado Prof, EMEF','3º Ano B Manhã','Manhã','Tdah'),
('Nicolas Jeremias Araujo DE Carvalho','124515127','Pedro DE Oliveira Santos, EMEI','2ª Etapa Pré-Escola B Manhã','Manhã','Tea'),
('Noah Francisco DE Souza Medeiros','123372293','Professor Lauro Bigélli','1º Ano B Tarde','Tarde','Tea'),
('Helena Vitória Nunes Silva','122079241','Professor Lauro Bigélli','1º Ano A Manhã','Manhã','Tea'),
('Lívia Cruz DE Lima','122779605','Raul Machado Prof, EMEF','1º Ano B Manhã','Manhã','Tea'),
('Benício Becaro Scardellato','121435755','Raul Machado Prof, EMEF','2º Ano E Tarde','Tarde','Intelectual'),
('Davi Lucca Vicente Deline','121235407','Raul Machado Prof, EMEF','3º Ano C Tarde','Tarde','Tea'),
('Davi Rodrigues DA Silva','122151340','Raul Machado Prof, EMEF','3º Ano E Tarde','Tarde','Tea'),
('Enzo Marzola Poletto Campos','120534023','Raul Machado Prof, EMEF','5º Ano D Tarde','Tarde','Tea'),
('Helena Alves DE Oliveira','122758409','Raul Machado Prof, EMEF','2º Ano C Manhã','Manhã','Fisica Paralisia Cerebral'),
('Helena Aparecida Pereira Medeiros','121897668','Raul Machado Prof, EMEF','4º Ano A Manhã','Manhã','Fisica Cadeirante'),
('Lucas Duran Medeiros Gomes','124008076','Raul Machado Prof, EMEF','3º Ano B Manhã','Manhã','Tea'),
('Henri Heras Aeissame Vicente','121553291','Raul Machado Prof, EMEF','4º Ano D Tarde','Tarde','Sindrome DE Down'),
('Manuella Mattos DE Brito Schilling','122104730','Raul Machado Prof, EMEF','4º Ano B Manhã','Manhã','Sindrome DE Down'),
('Maria Cecilia dos Santos Gunela','123376024','Raul Machado Prof, EMEF','3º Ano B Manhã','Manhã','Sindrome DE Down'),
('Maria Helena Alba DE Barros','123047304','Raul Machado Prof, EMEF','5º Ano B Manhã','Manhã','Multipla Fisica Outras / DI'),
('Maria Augusta Aversani Naozuka','123967223','Raul Machado Prof, EMEF','3º Ano D Tarde','Tarde','Fisica Paralisia Cerebral'),
('Rafael Rodrigues Torres','122269067','Raul Machado Prof, EMEF','3º Ano E Tarde','Tarde','Sem Def. Sed'),
('Samuel Benjamin Malheiro Oliveira','115863346','Raul Machado Prof, EMEF','5º Ano B Manhã','Manhã','Multipla Fisica Outros DI Tea'),
('Samuel Fernando Batista David','122143060','Raul Machado Prof, EMEF','2º Ano D Tarde','Tarde','Tea'),
('Renan Morelli DA Silva','125266299','Roberto Afonso Pontes, EMEI','1ª Etapa Pré-Escola C Tarde','Tarde','Tea Intelectual'),
('Nicolas DE Vasconcelos Vieira Carneiro','123572127','Ruy Escorel Ferreira Santos DR, EMEI','2ª Etapa Pré-Escola D Integral','Integral','Tea'),
('Benicio Gael DE Almeida','124065164','Ruy Escorel Ferreira Santos DR, EMEI','2ª Etapa Pré-Escola A Integral','Integral','Tea'),
('Miguel Moreira Avelino DA Silva','120865704','Salvador Marturano Prof, EMEF','2º Ano D Tarde','Tarde','Tea Intelectual'),
('João Miguel DA Silva Santana','121292514','Salvador Marturano Prof, EMEF','4º Ano C Manhã','Manhã','Sindrome DE Down'),
('Enzo Gabriel Vicente DE Souza','123690705','Salvador Marturano Prof, EMEF','1º Ano D Tarde','Tarde','Tea'),
('Uilliam Henrique Rosario DE Freitas','122830450','Salvador Marturano Prof, EMEF','1º Ano C Manhã','Manhã','Tea'),
('David Miguel DE Oliveira Pinheiro Rodrigues','121408066','Salvador Marturano Prof, EMEF','4º Ano F Tarde','Tarde','DI / Tea'),
('Gabriel Alves Baldoino','120901007','Salvador Marturano Prof, EMEF','4º Ano B Manhã','Manhã','DI / Tea'),
('Gabriel Ferreira Spinelli','122454280','Salvador Marturano Prof, EMEF','2º Ano A Manhã','Manhã','DI / Tea'),
('Maria Fernanda Alves Luz','121859056','Salvador Marturano Prof, EMEF','5º Ano D Tarde','Tarde','Tea Intelectual'),
('Cristal Aguilera Anastacio','123442619','Salvador Marturano Prof, EMEF','2º Ano C Tarde','Tarde','Tea'),
('Gustavo Henrique Rodrigues DA Silva','122269080','Salvador Marturano Prof, EMEF','2º Ano D Tarde','Tarde','Sem Def. Sed'),
('Pedro Henrique dos Santos Linhares','122033238','Salvador Marturano Prof, EMEF','2º Ano B Manhã','Manhã','DI'),
('Pedro Henrique Silva Mendes','120877660','Salvador Marturano Prof, EMEF','5º Ano E Tarde','Tarde','Surdez Leve OU Moderada'),
('Helena Galdino Mobiglia Marques','123830916','Santa Maria Goretti, EMEI','2ª Etapa Pré-Escola B Manhã','Manhã','Tea'),
('Aurora Yohanna Rodrigues Teixeira','125170241','Santa Maria Goretti, EMEI','2ª Etapa Pré-Escola E Tarde','Tarde','Tea'),
('Isaac Rustici Berger','124048413','Santa Maria Goretti, EMEI','2ª Etapa Pré-Escola E Tarde','Tarde','Tea'),
('Ester Furlan','125408099','Sebastiao DE Aguiar Azevedo I, EMEF','1º Ano E Tarde','Tarde','Sindrome DE Down'),
('Heitor Junior Rodrigues Araujo','124513803','Sebastiao DE Aguiar Azevedo I, EMEF','1º Ano A Manhã','Manhã','Multipla Fisica /di'),
('Matheus Rodrigues Otoboni','125151104','Sebastiao DE Aguiar Azevedo I, EMEF','1º Ano E Tarde','Tarde','Sindrome DE Down'),
('Benjamim Anthony Ernesto Dias','123332383','Sebastiao DE Aguiar Azevedo I, EMEF','1º Ano C Manhã','Manhã','Tea'),
('Alana Amélia Aparecida Nogueira DA Costa','116605513','Sebastiao DE Aguiar Azevedo I, EMEF','4º Ano A Tarde','Tarde','Deficiencia Intelectual'),
('Gustavo Luis DA Silva','120200637','Sebastiao DE Aguiar Azevedo I, EMEF','4º Ano A Manhã','Manhã','Tea'),
('Lorenzo Henrique Silva','120951102','Sebastiao DE Aguiar Azevedo I, EMEF','2º Ano A Manhã','Manhã','DI / Tea'),
('João Francisco DE Assis','122089310','Sebastiao DE Aguiar Azevedo I, EMEF','3º Ano E Tarde','Tarde','Tea'),
('Marcos Guilherme DO Nascimento','116187686','Sebastiao DE Aguiar Azevedo I, EMEF','4º Ano D Tarde','Tarde','Tea'),
('Vitor Hugo Gomes Cardoso DE Souza','120840719','Sebastiao DE Aguiar Azevedo I, EMEF','2º Ano C Tarde','Tarde','Tea'),
('Vitor Mateus Silva Nascimento Lara','120766145','Sebastiao DE Aguiar Azevedo I, EMEF','4º Ano D Tarde','Tarde','Multipla'),
('Yago Rodrigo Brandao Boucas','120878032','Sebastiao DE Aguiar Azevedo I, EMEF','3º Ano B Manhã','Manhã','Tea'),
('Noah Evangelisto DE Souza Santos','123505657','Sebastiao DE Aguiar Azevedo I, EMEF','1º Ano B Tarde','Tarde','Tea'),
('Kaue Henrique Siqueira Oliveira','122012464','Sebastiao DE Aguiar Azevedo I, EMEF','2º Ano C Tarde','Tarde','Multipla Fisica Cadeirante / DI'),
('João Miguel DE Paula Canhas','120052039','Sebastião DE Aguiar Azevedo I, EMEF','4º Ano C Tarde','Tarde','Tea'),
('Kauan dos Anjos DA Silva','123603000','Sebastião DE Aguiar Azevedo I, EMEF','2º Ano F Tarde','Tarde','Sem Def. Sed'),
('Emanoel Henrique DA Silveira Giacomassi','121025263','Sebastiao DE Aguiar Azevedo Unidade II, EMEF','6º Ano E Tarde','Tarde','DI'),
('Gustavo Alexandre Custodio DE Carvalho','122140840','Sebastiao DE Aguiar Azevedo Unidade II, EMEF','6º Ano E Tarde','Tarde','Multipla Fisica /di'),
('Philipe DE Souza Cristino','120136171','Sebastiao DE Aguiar Azevedo Unidade II, EMEF','6º Ano D Tarde','Tarde','DI / Tea'),
('Arthur Henrique dos Reis DE Andréa','113384892','Sebastiao DE Aguiar Azevedo Unidade II, EMEF','8º Ano D Manhã','Manhã','Tea'),
('Gabriel Henrique Vieira dos Santos','112193348','Sebastiao DE Aguiar Azevedo Unidade II, EMEF','8º Ano D Manhã','Manhã','Tea'),
('Isaac Pereira Gomes Silva','122420906','Sócrates Brasileiro','1º Ano A Tarde','Tarde',''),
('Rafael Rocha Alexandre','114701078','Sebastiao DE Aguiar Azevedo Unidade II, EMEF','9º Ano B Manhã','Manhã','Sindrome DE Down'),
('Bruno Henrique Goncalves Camargo','124953113','Teresa Hendrica Antonissen, EMEI','2ª Etapa Pré-Escola A Manhã','Manhã','Tea'),
('Sara Helena Ferreira Pimentel','124638241','Teresa Hendrica Antonissen, EMEI','1ª Etapa Pré-Escola E Tarde','Tarde','Tea'),
('Ana Sophia Brandao Sousa','123492489','Teresa Hendrica Antonissen, EMEI','2ª Etapa Pré-Escola C Manhã','Manhã','Tea'),
('Jose Mario DE Oliveira Nunes Costa','123319930','Veiga DE Miranda Ministro','1º Ano A Manhã','Manhã','Tea'),
('Marina Meda DE Melo','122751542','Veiga DE Miranda Ministro','1º Ano B Tarde','Tarde','Fisica Outros'),
('Cecília Paskakulis','125628321','Vinte E Cinco DE Dezembro Lar Escola DA Crianca','Maternal 2 G Integral','Integral','Sem Def NO Sed'),
('Pyetro Leite DE Castro','126180234','Teresa Hendrica Antonissen, EMEI','Maternal 2 G Integral','Integral','Tea'),
('Arthur Vieira Brandão','122379343','Virgilio Salata, EMEF','2º Ano D Tarde','Tarde','Di/ Tea'),
('Aylla Mirelli Ramos das Dores','122059126','Virgilio Salata, EMEF','2º Ano A Manhã','Manhã','DI / Tea'),
('Isaac Ribeiro Faria DA Silva','122131349','Virgilio Salata, EMEF','1º Ano B Tarde','Tarde','Tea'),
('Samyra Beatriz Marques Beraldo','122871220','Virgilio Salata, EMEF','1º Ano E Tarde','Tarde','Fisica Cadeirante / Tea'),
('Isaac Antônio Alves Rodrigues','122563802','Virgilio Salata, EMEF','1º Ano E Tarde','Tarde','Tea'),
('Davi Lucas Sousa Silva','124165932','Virgilio Salata, EMEF','4º Ano D Tarde','Tarde','DI / Tea'),
('Arthur Tiago Gaspar Moura','121290356','Virgilio Salata, EMEF','6º Ano B Tarde','Tarde','DI / Tea'),
('Athos Paes DE Barros Lacerda','122558704','Virgilio Salata, EMEF','3º Ano A Manhã','Manhã','Tea'),
('Bernardo Selingardi Mathias','121528945','Virgilio Salata, EMEF','3º Ano C Tarde','Tarde','Tea'),
('Davi Borges Siqueira Henriques','121410763','Virgilio Salata, EMEF','4º Ano B Manhã','Manhã','Tea'),
('Fabio Miguel Buosi Bastos','122083737','Virgilio Salata, EMEF','4º Ano C Tarde','Tarde','Fisica Paralisia Cerebral'),
('Luan Henrique Mendonça DA Silva','116006283','Virgilio Salata, EMEF','5º Ano C Tarde','Tarde','Tea'),
('Lucas Ferreira Pollo','122110648','Virgilio Salata, EMEF','2º Ano A Manhã','Manhã','DI / Tea'),
('Lucas Henrique Mendonça DA Silva','116006236','Virgilio Salata, EMEF','5º Ano D Tarde','Tarde','Tea'),
('Luis Antonio Ferreira Pollo','122146744','Virgilio Salata, EMEF','3º Ano A Manhã','Manhã','DI / Tea'),
('Maria Luiza Nascimento Batista','121319676','Virgilio Salata, EMEF','4º Ano D Tarde','Tarde','Fisica Outros'),
('Vinicius Gabriel dos Santos Souza','108985054','Virgilio Salata, EMEF','9º Ano B Manhã','Manhã','Tea'),
('Pedro Henrique Silva Barreto','113817433','Virgilio Salata, EMEF','9º Ano B Manhã','Manhã','Tea'),
('Arthur Gabriel DA Silva Matos','114290419','Virgilio Salata, EMEF','7º Ano B Manhã','Manhã','DI / Tea'),
('Felipe Caleb Coura Damasceno','115153944','Virgilio Salata, EMEF','8º Ano C Manhã','Manhã','Tea'),
('Lucas Felipe DE Oliveira Lima','115970848','Virgilio Salata, EMEF','6º Ano A Manhã','Manhã','Tea'),
('Luiz Henrique Ferreira Silva','122449404','Virgilio Salata, EMEF','3º Ano A Manhã','Manhã','Tea'),
('Lorenzo Silva Fabbris','122703769','Virgilio Salata, EMEF','2º Ano A Manhã','Manhã','Tea'),
('Gael Henry Nunes Ignacio DE Barros','126478346','Vitor Youssef Darkoubi, CEI','Maternal I F Integral','Integral','Tea'),
('José Miguel Galante Gualberto','122052262','Waldemar Roberto Professor Doutor, EMEF','3º Ano B Manhã','Manhã','Di/tea'),
('Ana Leticia Oliveira Klemp','116001007','Waldemar Roberto Professor Doutor, EMEF','4º Ano B Manhã','Manhã','Di/ Multipla Fisica Intelectual'),
('Yasmin DA Silva Costa','116007401','Waldemar Roberto Professor Doutor, EMEF','6º Ano A Manhã','Manhã','Retardo Mental Leve'),
('Ana Luiza Dias Braggion','122376016','Waldemar Roberto Professor Doutor, EMEF','2º Ano A Manhã','Manhã','Tea'),
('Arthur Augusto Pires DE Almeida','123488735','Wanda Princivalli Marcal, EMEI','2ª Etapa Pré-Escola E Tarde','Tarde','Multipla/ Surdez Severa Profunda / DI / Tea'),
('Eloa Santejo dos Anjos','124137621','Wanda Princivalli Marcal, EMEI','2ª Etapa Pré-Escola C Manhã','Manhã','DI / Tea'),
('Miguel Sena DE Oliveira Borrher','124476745','Wanda Princivalli Marcal, EMEI','2ª Etapa Pré-Escola A Manhã','Manhã','DI / Tea'),
('Ravi Freitas dos Santos','125637937','Wanda Princivalli Marcal, EMEI','2ª Etapa Pré-Escola B Manhã','Manhã','Multipla Fisica Cadeirante DI'),
('Lucas Gustavo Santos DA Silva','122456379','Wanda Princivalli Marcal, EMEI','2ª Etapa Pré-Escola D Tarde','Tarde','Tea Intelectual'),
('Laura Gabrielly Santos DA Silva','122456545','Wanda Princivalli Marcal, EMEI','2ª Etapa Pré-Escola G Tarde','Tarde','Tea Intelectual'),
('Heitor Pereira Campos','125034180','Wanda Princivalli Marcal, EMEI','2ª Etapa Pré-Escola C Manhã','Manhã','Tea Intelectual'),
('Vitor Hugo Coelho DA Silva','124300759','Wilson Roselino DR, EMEI','2ª Etapa A Integral','Integral','Tea'),
('Ana Livia Silva Dias','121836201','','','Outro','Não Esta NO Municipio'),
('Deryk Martins DE Souza Santos','113435852','','','Outro','Não Esta NO Municipio'),
('Erick Miller Sorge Castro','104629307','','','Outro','Não Esta NO Municipio'),
('Fabricio Adriano Borges','113340114','','','Outro','Não Esta NO Municipio'),
('João Marcos Sato dos Santos','121075517','','','Outro','Não Esta NO Municipio'),
('Julia Tormena Mateus','121981211','','','Outro','Não Esta NO Municipio'),
('Linda Maria Leite DA Silva','122087393','','','Outro','Não Esta NO Municipio'),
('Lucas Miotti Correa','110893382','','','Outro','Não Esta NO Municipio'),
('Magno Benjamin Ramires Azevedo Teixeira','123540420','','','Outro','Não Esta NO Municipio'),
('Marcos Miguel Vieira Barbosa','124009936','','','Outro','Não Esta NO Municipio'),
('Maria Cecilia Locce Campanholi','121629953','','','Outro','Não Esta NO Municipio'),
('Maria Eunice Mariuzzo Silverio','121538452','','','Outro','Não Esta NO Municipio'),
('Matheus Krugner Porto Baron','123681394','','','Outro','Não Esta NO Municipio'),
('Miguel DA Silva Ferreira','121583754','','','Outro','Não Esta NO Municipio'),
('Nicolas Jesus Mario Ferro','114218979','','','Outro','Não Esta NO Municipio'),
('Sarah Santos Akaboci','111271075','','','Outro','Não Esta NO Municipio'),
('Taylor Felipe Dextro Rocha','122034317','','','Outro','Não Esta NO Municipio'),
('Noah Daigo Otsuka','123830918','Raul Machado Prof, EMEF','1º Ano E Tarde','Tarde','Tea - Nivel 2'),
('Ítalo Santos Veiga','123359698','Miguel Mussi Prof, EMEI','Eatapa II B Manhã','Manhã','Tea - Nivel 3'),
('Benicio Henrique Vilas Boas Ramos','123330502','Hilda Maria Sobral Barbosa Mandarino, EMEI','Eatapa I D Tarde','Tarde','Tea - Nivel 2'),
('Heitor Soares dos Santos','123712447','Sebastiao DE Aguiar Azevedo, EMEF','1º Ano C Manhã','Manhã','Tea - Nivel 1'),
('Davi Bernardo Oliveira Lima Machado','123607333','Hilda Maria Sobral Barbosa Mandarino, EMEI','Etapa I B Manhã','Manhã','Tea - Nivel 2'),
('Nathan Cardoso dos Santos','124374032','Eponina DE Britto Rosseto, EMEF','3º Ano A Tarde','Tarde','Tea - Nivel 2'),
('Davi Lucca Viana Araujo','123549827','Eduardo Romualdo DE Souza Prof, EMEF','1º Ano D Tarde','Tarde','Tea - Nivel 2'),
('Kaleb Rodrigues DE Oliveira Santos','122421852','Neuza Michelutti Marzola Profa, EMEF','1º Ano C Tarde','Tarde','Tea - Nivel 2'),
('Bento Baleeiro Silva','123946324','Amelia Sofia Rodrigues DA Costa, EMEI','Etapa 2 A - Manhã','Manhã','Tea - Nivel 3'),
('Ísis Vitoria Paixão','126060476','João DA Cruz Moreira, CEI','Maternal 2 A - Integral','Integral','Tea - Nivel 3'),
('Benjamin Henrique dos Santos','123203073','Geralda DE Souza Espin, EMEF','1º Ano A - Manhã','Manhã','Tea - Nivel 1'),
('Maria Isabelly Albuquerque Cavalcante','123915444','Paulo Monte Serrat Filho Prof DR, EMEF','2º Ano C - Tarde','Tarde','Tea - Nivel 3'),
('Enzo Gabriel Rocha Monteiro DA Silva','112274558','Eduardo Romualdo DE Souza Prof, EMEF','8º Ano B Manhã','Manhã','Tea - Nivel 2'),
('Lorenzo Peres Garcia','122393501','Anisio Teixeira Prof, EMEF','1º Ano B Tarde','Tarde','Tea - Nivel 2'),
('Lorena DE Oliveira Daderio Machado','125711746','Jose Pedro Moreira, EMEI','Etapa I K Tarde','Tarde','Tea - Nivel 3'),
('Bruno Henrique Magalhaes dos Santos','125896649','Teresa Hendrica Antonissen, EMEI','Maternal II B Integral','Integral','Tea - Nivel 1'),
('Anthony Custodio dos Santos','120767298','Luis DO Amaral Mousinho, EMEF','3º Ano D Tarde','Tarde','Tea - Nivel 1'),
('Thomaz Custodio dos Santos','120767348','Luis DO Amaral Mousinho, EMEF','3º Ano D Tarde','Tarde','Tea - Nivel 1'),
('Valentina Custodio dos Santos','120767274','Luis DO Amaral Mousinho, EMEF','3º Ano D Tarde','Tarde','Tea - Nivel 1'),
('Wellington Vinicius DE Sousa Vitório','124141675','Roberto Afonso Pontes, EMEI','Etapa II E Tarde','Tarde','Tea - Nivel 3'),
('Miguel Deloque Buzolo','124935896','Modelo Marincek, CEI','Maternal II G - Integral','Integral','Tea - Nivel 3'),
('Benicio Manoel DE Souza Rocha','125043823','Leonor Mertília Costa, CEI','Maternal II E - Integral','Integral','Tea - Nivel 1'),
('Heitor DE Oliveira Boa Sorte','125205643','Raul Machado Prof, EMEF','1º Ano C - Manhã','Manhã','Tea - Nivel 2'),
('Guilherme dos Santos Reis Costa','124455036','Maria Apparecida Borges DE Oliveira Bonini, EMEI','Etapa I G - Tarde','Tarde','Tea - Nivel 3'),
('Bernardo Miguel Bighetti Pereira','123516338','Maria Helena Braga Monte Serrat, EMEI','Etapa 2 C - Manhã','Manhã','Tea - Nivel 3'),
('Anthony Souza Silva','124458564','Doutor José Roberto Felicio, EMEI','Etapa I B - Manhã','Manhã','Surdez Leve Moderada'),
('João Victor Aparecido Germano','112106922','Elisa Duboc Garcia, EMEF','8º Ano C Tarde','Tarde','Fisica - Intelectual - Multipla'),
('Pedro Henrique DA Silva','120152172','Geralda DE Souza Espin, EMEF','4º Ano B - Manhã','Manhã','Tdah'),
('Lara Emanuelly Rodrigues dos Santos','125455277','Hilda Mosca, EMEI','Maternal 2 F - Integral','Integral','Tea - Nivel 1'),
('Noah Daigo Otsuka','123830918','Raul Machado, EMEF','1º Ano E - Tarde','Tarde','Tea - Nivel 2'),
('Benjamin Rodrigues Siqueira','123547730','Miguel Mussi Prof, EMEI','Etapa II B - Manhã','Manhã','Tea - Nivel 2'),
('Emanuel Rodrigues Siqueira','123547695','Miguel Mussi Prof, EMEI','Etapa II A - Manhã','Manhã','Tea - Nivel 2');

CREATE OR REPLACE FUNCTION ee_apoio() RETURNS json LANGUAGE sql STABLE SECURITY DEFINER SET search_path=public AS $FN$
  SELECT json_build_object(
    'geral',(SELECT json_build_object('escolas',count(*),'prof_manha',coalesce(sum(prof_manha),0),'prof_tarde',coalesce(sum(prof_tarde),0),'professores',coalesce(sum(prof_manha+prof_tarde),0),'apoios',coalesce(sum(apoios),0)) FROM ee_apoio),
    'escolas',coalesce((SELECT json_agg(json_build_array(tipo,escola,prof_manha,prof_tarde,apoios)) FROM (SELECT * FROM ee_apoio ORDER BY tipo,escola) x),'[]'::json));
$FN$;
CREATE OR REPLACE FUNCTION ee_liminar() RETURNS json LANGUAGE sql STABLE SECURITY DEFINER SET search_path=public AS $FN$
  SELECT json_build_object(
    'geral',(SELECT json_build_object('alunos',(SELECT count(*) FROM ee_liminar_aluno),'turmas',(SELECT coalesce(sum(total_turmas),0) FROM ee_liminar_unidade),'unidades',(SELECT count(*) FROM ee_liminar_unidade),
      'atendidas',(SELECT count(*) FROM ee_liminar_unidade WHERE status='Atendida'),'pendentes',(SELECT count(*) FROM ee_liminar_unidade WHERE status='Pendência'),'fora',(SELECT count(*) FROM ee_liminar_unidade WHERE status='Fora da rede municipal'))),
    'unidades',coalesce((SELECT json_agg(json_build_array(escola,tipo,total_turmas,turmas_manha,turmas_tarde,prof_manha,prof_tarde,status)) FROM (SELECT * FROM ee_liminar_unidade ORDER BY status,escola) x),'[]'::json),
    'turmas',coalesce((SELECT json_agg(json_build_array(escola,turma,periodo,alunos,status)) FROM (SELECT * FROM ee_liminar_turma ORDER BY escola,turma) x),'[]'::json),
    'alunos',coalesce((SELECT json_agg(json_build_array(aluno,ra,escola,turma,periodo,deficiencia)) FROM (SELECT * FROM ee_liminar_aluno ORDER BY escola,turma,aluno) x),'[]'::json));
$FN$;
GRANT SELECT ON ee_apoio, ee_liminar_unidade, ee_liminar_turma, ee_liminar_aluno TO anon, authenticated;
GRANT EXECUTE ON FUNCTION ee_apoio() TO anon, authenticated;
GRANT EXECUTE ON FUNCTION ee_liminar() TO anon, authenticated;
